Kishan Ashwini,Marakur Nikitha,Moodithaya Shailaja,Mirajkar Amrit M
Balconi Michela,Gatti Laura,Vanutelli Maria Elide
Lu Lingxi,Bao Xiaohan,Chen Jing,Qu Tianshu,Wu Xihong,Li Liang
Juslin Patrik N,Harmat László,Laukka Petri
Moretta Tania,Buodo Giulia
Schaefer Hans-Eckhardt
Troy Allison S,Shallcross Amanda J,Brunner Anna,Friedman Rachel,Jones Markera C
McQuade Julia D,Breaux Rosanna P
Scherling Carole S,Zakrzewski Jessica,Datta Samir,Levenson Robert W,Shimamura Arthur P,Sturm Virginia E,Miller Bruce L,Rosen Howard J
Cecchetto Cinzia,Rumiati Raffaella Ida,Aiello Marilena
Lerner Itamar,Lupkin Shira M,Sinha Neha,Tsai Alan,Gluck Mark A
Kotwas Iliana,McGonigal Aileen,Khalfa Stéphanie,Bastien-Toniazzo Mireille,Bartolomei Fabrice,Micoulaud-Franchi Jean-Arthur
Weis Patrick P,Herbert Cornelia
Del Piccolo Lidia,Finset Arnstein
Zhan Jun,Wu Xiaofei,Fan Jin,Guo Jianyou,Zhou Jianshe,Ren Jun,Liu Chang,Luo Jing
Ackerley Rochelle,Aimonetti Jean-Marc,Ribot-Ciscar Edith
Dunsmoor Joseph E,Otto A Ross,Phelps Elizabeth A
Breaux Rosanna P,McQuade Julia D,Harvey Elizabeth A,Zakarian Rebecca J
Nickel Moritz M,May Elisabeth S,Tiemann Laura,Postorino Martina,Ta Dinh Son,Ploner Markus
Rosa Pedro J,Oliveira Jorge,Alghazzawi Daniyal,Fardoun Habib,Gamito Pedro
Boukezzi Sarah,Silva Catarina,Nazarian Bruno,Rousseau Pierre-François,Guedj Eric,Valenzuela-Moguillansky Camila,Khalfa Stéphanie
Haaker Jan,Golkar Armita,Selbing Ida,Olsson Andreas
Panayiotou Georgia,Karekla Maria,Georgiou Dora,Constantinou Elena,Paraskeva-Siamata Michaela
Hermann Andrea,Stark Rudolf,Blecker Carlo R,Milad Mohammed R,Merz Christian J
Gorzelańczyk Edward J,Podlipniak Piotr,Walecki Piotr,Karpiński Maciej,Tarnowska Emilia
Balconi Michela,Maria Elide Vanutelli Maria Elide
Zuj Daniel V,Palmer Matthew A,Gray Kate E,Hsu Chia-Ming K,Nicholson Emma L,Malhi Gin S,Bryant Richard A,Felmingham Kim L
Kelly Michelle,McDonald Skye,Rushby Jacqueline
Duits Puck,Richter Jan,Baas Johanna M P,Engelhard Iris M,Limberg-Thiesen Anke,Heitland Ivo,Hamm Alfons O,Cath Danielle C
Pittarello Andrea,Conte Beatrice,Caserotti Marta,Scrimin Sara,Rubaltelli Enrico
Marin Marie-France,Zsido Rachel G,Song Huijin,Lasko Natasha B,Killgore William D S,Rauch Scott L,Simon Naomi M,Milad Mohammed R
van Zonneveld Lisette,Platje Evelien,de Sonneville Leo,van Goozen Stephanie,Swaab Hanna
Dethier Vincent,Philippot Pierre
Baumeister Jenny C,Foroni Francesco,Conrad Markus,Rumiati Raffaella I,Winkielman Piotr
Kim Eun Hye,Chien Jui-Hong,Liu Chang-Chia,Oishi Kumiko,Oishi Kenichi,Sebastian Rajani,Demsky Cornelia,Lenz Frederick,Hillis Argye E
Martínez-Velázquez Eduardo S,Honoré Jacques,de Zorzi Lucas,Ramos-Loyo Julieta,Sequeira Henrique
Leer Arne,Engelhard Iris M,Lenaert Bert,Struyf Dieter,Vervliet Bram,Hermans Dirk
Gernot Gerger,Pelowski Matthew,Leder Helmut
Menzies Rachel E,Dar-Nimrod Ilan
Bublatzky Florian,Alpers Georg W
Spencer Andrea E,Marin Marie-France,Milad Mohammed R,Spencer Thomas J,Bogucki Olivia E,Pope Amanda L,Plasencia Natalie,Hughes Brittany,Pace-Schott Edward F,Fitzgerald Maura,Uchida Mai,Biederman Joseph
Dunsmoor Joseph E,Kroes Marijn C W,Braren Stephen H,Phelps Elizabeth A
Schweiger Gallo Inge,Fernández-Dols José-Miguel,Gollwitzer Peter M,Keil Andreas
Geller Daniel A,McGuire Joseph F,Orr Scott P,Pine Daniel S,Britton Jennifer C,Small Brent J,Murphy Tanya K,Wilhelm Sabine,Storch Eric A
Hansen J O,Storm H,Boglino-Hörlin A,Le Guen M,Gayat E,Fischler M
Zarei Sahar,Shayestehfar Monir,Memari Amir-Hossein,SeifBarghi Tohid,Sobhani Vahid
Plieger Thomas,Melchers Martin,Vetterlein Annabel,Görtz Janina,Kuhn Sarah,Ruppel Melissa,Reuter Martin
Fanti Kostas A,Kyranides Melina N,Georgiou Giorgos,Petridou Maria,Colins Olivier F,Tuvblad Catherine,Andershed Henrik
Roberson-Nay Roxann,Gorlin Eugenia I,Beadel Jessica R,Cash Therese,Vrana Scott,Teachman Bethany A
Zuj Daniel V,Palmer Matthew A,Malhi Gin S,Bryant Richard A,Felmingham Kim L
Hazem Nesrine,George Nathalie,Baltazar Matias,Conty Laurence
Yap Wei Jie,Christopoulos George I,Hong Ying-Yi
Shiban Youssef,Diemer Julia,Müller Jana,Brütting-Schick Johanna,Pauli Paul,Mühlberger Andreas
Sarlo Michela,Buodo Giulia
Cecchetto Cinzia,Rumiati Raffaella Ida,Parma Valentina
Chien J H,Colloca L,Korzeniewska A,Cheng J J,Campbell C M,Hillis A E,Lenz F A
Kinner Valerie L,Kuchinke Lars,Dierolf Angelika M,Merz Christian J,Otto Tobias,Wolf Oliver T
Meir Drexler Shira,Wolf Oliver T
Xia Chenjie,Touroutoglou Alexandra,Quigley Karen S,Feldman Barrett Lisa,Dickerson Bradford C
He Wei,Boesveldt Sanne,Delplanque Sylvain,de Graaf Cees,de Wijk René A
Wright Rebecca J,Rakow Tim,Russo Riccardo
Haesen Kim,Beckers Tom,Baeyens Frank,Vervliet Bram
Castegnetti Giuseppe,Tzovara Athina,Staib Matthias,Gerster Samuel,Bach Dominik R
Herrmann Martin J,Katzorke Andrea,Busch Yasmin,Gromer Daniel,Polak Thomas,Pauli Paul,Deckert Jürgen
Korn Christoph W,Staib Matthias,Tzovara Athina,Castegnetti Giuseppe,Bach Dominik R
Rozenman Michelle,Vreeland Allison,Piacentini John
Wu Mengying,Liang Ying,Wang Qingguo,Zhao Yan,Zhou Renlai
Bichescu-Burian Dana,Steyer Jürgen,Steinert Tilman,Grieb Benjamin,Tschöke Stefan
McCormick Cornelia,Rosenthal Clive R,Miller Thomas D,Maguire Eleanor A
De Cort Klara,Schroijen Mathias,Hurlemann Rene,Claassen Suzanne,Hoogenhout Jojanneke,Van den Bergh Omer,Goossens Liesbet,Van Diest Ilse,Schruers Koen
Eisenbarth Hedwig,Chang Luke J,Wager Tor D
Johnson Sheri L,Haase Claudia M,Beermann Ursula,Sanchez Amy H,Tharp Jordan A,Lwi Sandy J,Casey James J,Nguyen Nguyen Khoi
Harnett Nathaniel G,Shumen Joshua R,Wagle Pooja A,Wood Kimberly H,Wheelock Muriah D,Baños James H,Knight David C
Wicking Manon,Steiger Frauke,Nees Frauke,Diener Slawomira J,Grimm Oliver,Ruttorf Michaela,Schad Lothar R,Winkelmann Tobias,Wirtz Gustav,Flor Herta
Papini Santiago,Ruglass Lesia M,Lopez-Castro Teresa,Powers Mark B,Smits Jasper A J,Hien Denise A
Kruse Onno,Tapia León Isabell,Stark Rudolf,Klucken Tim
Jenewein Josef,Erni Jeannine,Moergeli Hanspeter,Grillon Christian,Schumacher Sonja,Mueller-Pfeiffer Christoph,Hassanpour Katayun,Seiler Annina,Wittmann Lutz,Schnyder Ulrich,Hasler Gregor
Li Stella,Graham Bronwyn M
Nava Elena,Romano Daniele,Grassi Massimo,Turati Chiara
De Andrés-García Sara,Cano-López Irene,Moya-Albiol Luis,González-Bono Esperanza
Helpman Liat,Marin Marie-France,Papini Santiago,Zhu Xi,Sullivan Gregory M,Schneier Franklin,Neria Mariana,Shvil Erel,Malaga Aragon Maria Josefa,Markowitz John C,Lindquist Martin A,Wager Tor,Milad Mohammad,Neria Yuval
Ceunen Erik,Zaman Jonas,Weltens Nathalie,Sarafanova Ekaterina,Arijs Vicky,Vlaeyen Johan W S,Van Oudenhove Lukas,Van Diest Ilse
Ahrens Lea M,Pauli Paul,Reif Andreas,Mühlberger Andreas,Langs Gernot,Aalderink Tim,Wieser Matthias J
Abend R,Jalon I,Gurevitch G,Sar-El R,Shechner T,Pine D S,Hendler T,Bar-Haim Y
Gomez Patrick,von Gunten Armin,Danuser Brigitta
FeldmanHall Oriel,Glimcher Paul,Baker Augustus L,Phelps Elizabeth A
Madipakkam Apoorva Rajiv,Rothkirch Marcus,Wilbertz Gregor,Sterzer Philipp
Fusaro M,Tieri G,Aglioti S M
Sjouwerman Rachel,Niehaus Johanna,Kuhn Manuel,Lonsdorf Tina B
Mutschler Isabella,Ball Tonio,Kirmse Ursula,Wieckhorst Birgit,Pluess Michael,Klarhöfer Markus,Meyer Andrea H,Wilhelm Frank H,Seifritz Erich
Nikolaidou Maria,Fraser Danaë Stanton,Hinvest Neal
White Emily C,Graham Bronwyn M
Thome Janine,Koppe Georgia,Hauschild Sophie,Liebke Lisa,Schmahl Christian,Lis Stefanie,Bohus Martin
Balconi Michela,Pala Francesca,Manenti Rosa,Brambilla Michela,Cobelli Chiara,Rosini Sandra,Benussi Alberto,Padovani Alessandro,Borroni Barbara,Cotelli Maria
Kobayakawa Mutsutaka
Kuhn Manuel,Mertens Gaetan,Lonsdorf Tina B
Costanzo Michelle,Jovanovic Tanja,Norrholm Seth D,Ndiongue Rochelle,Reinhardt Brian,Roy Michael J
Marko Martin
Dewe Hayley,Watson Derrick G,Braithwaite Jason J
Günther A C,Schandl A R,Berhardsson J,Bjärtå A,Wållgren M,Sundin Ö,Alvarsson J,Bottai M,Martling C-R,Sackey P V
Kosonogov Vladimir,Sanchez-Navarro Juan Pedro,Martinez-Selva Jose Maria,Torrente Ginesa,Carrillo-Verdejo Eduvigis
Larche Chanel J,Musielak Natalia,Dixon Mike J
Scharfenort R,Menz M,Lonsdorf T B
Hopkins Lauren S,Helmstetter Fred J,Hannula Deborah E
He Wei,de Wijk René A,de Graaf Cees,Boesveldt Sanne
Choi Dahye,Conture Edward G,Walden Tedra A,Jones Robin M,Kim Hanjoe
Fricchione Jon,Greenberg Mark S,Spring Justin,Wood Nellie,Mueller-Pfeiffer Christoph,Milad Mohammed R,Pitman Roger K,Orr Scott P
Medford Nick,Sierra Mauricio,Stringaris Argyris,Giampietro Vincent,Brammer Michael J,David Anthony S
Sperl Matthias F J,Panitz Christian,Hermann Christiane,Mueller Erik M
Kaeppler Alexander K,Erath Stephen A
Starita Francesca,Làdavas Elisabetta,di Pellegrino Giuseppe
de Voogd Lycia D,Fernández Guillén,Hermans Erno J
Dowd Emma Wu,Mitroff Stephen R,LaBar Kevin S
Fitzpatrick Skye,Kuo Janice R
Pick Susannah,Mellers John D C,Goldstein Laura H
Rimes Katharine A,Ashcroft Joanna,Bryan Lauren,Chalder Trudie
Morriss Jayne,Christakou Anastasia,van Reekum Carien M
Morriss Jayne,Macdonald Birthe,van Reekum Carien M
Fong Sylvia S,Navarrete Carlos David,Perfecto Sean E,Carr Andrew R,Jimenez Elvira E,Mendez Mario F
Caparos Serge,Blanchette Isabelle
Kiebel Elizabeth M,McFadden Sandra L,Herbstrith Julie C
Meir Drexler Shira,Merz Christian J,Hamacher-Dang Tanja C,Wolf Oliver T
Ehlers Jan,Strauch Christoph,Georgi Juliane,Huckauf Anke
Klucken Tim,Kruse Onno,Schweckendiek Jan,Kuepper Yvonne,Mueller Erik M,Hennig Juergen,Stark Rudolf
Dunsmoor Joseph E,Kubota Jennifer T,Li Jian,Coelho Cesar A O,Phelps Elizabeth A
Kaag Anne Marije,Levar Nina,Woutersen Karlijn,Homberg Judith,van den Brink Wim,Reneman Liesbeth,van Wingen Guido
Niedtfeld Inga,Defiebre Nadine,Regenbogen Christina,Mier Daniela,Fenske Sabrina,Kirsch Peter,Lis Stefanie,Schmahl Christian
Hermann A,Stark R,Milad M R,Merz C J
Lufityanto Galang,Donkin Chris,Pearson Joel
van 't Wout Mascha,Mariano Timothy Y,Garnaat Sarah L,Reddy Madhavi K,Rasmussen Steven A,Greenberg Benjamin D
Payne Andrew F H,Schell Anne M,Dawson Michael E
Wei Jie,Chen Tong,Liu Guangyuan,Yang Jiemin
Merz Christian J,Hamacher-Dang Tanja C,Wolf Oliver T
Shiban Youssef,Fruth Martina B,Pauli Paul,Kinateder Max,Reichenberger Jonas,Mühlberger Andreas
Carpenter Stephanie M,Yates J Frank,Preston Stephanie D,Chen Lydia
Klimecki Olga M,Vuilleumier Patrik,Sander David
Castegnetti Giuseppe,Tzovara Athina,Staib Matthias,Paulus Philipp C,Hofer Nicolas,Bach Dominik R
Rukavina Stefanie,Gruss Sascha,Hoffmann Holger,Tan Jun-Wen,Walter Steffen,Traue Harald C
Chuen Lorraine,Sears David,McAdams Stephen
Michalska Kalina J,Shechner Tomer,Hong Melanie,Britton Jennifer C,Leibenluft Ellen,Pine Daniel S,Fox Nathan A
Zbozinek Tomislav D,Craske Michelle G
Gros Auriane,Manera Valeria,Daumas Anaïs,Guillemin Sophie,Rouaud Olivier,Martin Martine Lemesle,Giroud Maurice,Béjot Yannick
Hildebrandt Lea K,McCall Cade,Engen Haakon G,Singer Tania
Ascone Leonie,Sundag Johanna,Schlier Björn,Lincoln Tania M
Pallavicini Federica,Serino Silvia,Cipresso Pietro,Pedroli Elisa,Chicchi Giglioli Irene Alice,Chirico Alice,Manzoni Gian Mauro,Castelnuovo Gianluca,Molinari Enrico,Riva Giuseppe
Waters Allison M,Pine Daniel S
Pineles Suzanne L,Nillni Yael I,King Matthew W,Patton Samantha C,Bauer Margaret R,Mostoufi Sheeva M,Gerber Megan R,Hauger Richard,Resick Patricia A,Rasmusson Ann M,Orr Scott P
Etzi Roberta,Gallace Alberto
LeBlanc Nicole J,Unger Leslie D,McNally Richard J
McGuire Joseph F,Orr Scott P,Wu Monica S,Lewin Adam B,Small Brent J,Phares Vicky,Murphy Tanya K,Wilhelm Sabine,Pine Daniel S,Geller Daniel,Storch Eric A
Schiele Miriam A,Reinhard Julia,Reif Andreas,Domschke Katharina,Romanos Marcel,Deckert Jürgen,Pauli Paul
Mønster Dan,Håkonsson Dorthe Døjbak,Eskildsen Jacob Kjær,Wallot Sebastian
Levita Liat,Salas Duhne Paulina Gonzalez,Girling Carla,Waller Glenn
Aucouturier Jean-Julien,Johansson Petter,Hall Lars,Segnini Rodrigo,Mercadié Lolita,Watanabe Katsumi
Kim Jongwan,Wedell Douglas H
Zuj Daniel V,Palmer Matthew A,Hsu Chia-Ming K,Nicholson Emma L,Cushing Pippa J,Gray Kate E,Felmingham Kim L
Kirshner Sharon,Weiss Patrice L,Tirosh Emanuel
Smithson Lisa,Nicoladis Elena
Zhang Suyi,Mano Hiroaki,Ganesh Gowrishankar,Robbins Trevor,Seymour Ben
Grady Ashley K,Bowen Kenton H,Hyde Andrew T,Totsch Stacie K,Knight David C
Soto José A,Lee Elizabeth A,Roberts Nicole A
Belfi Amy M,Chen Kuan-Hua,Schneider Brett,Tranel Daniel
McLaughlin Katie A,Sheridan Margaret A,Gold Andrea L,Duys Andrea,Lambert Hilary K,Peverill Matthew,Heleniak Charlotte,Shechner Tomer,Wojcieszak Zuzanna,Pine Daniel S
Hunter M S,Stefanopoulou E
Havranek Michael M,Bolliger Bianca,Roos Sophie,Pryce Christopher R,Quednow Boris B,Seifritz Erich
Berger Christoph,Domes Gregor,Balschat Johannes,Thome Johannes,Höppner Jacqueline
Mertens Gaëtan,De Houwer Jan
Pichon Aline M,Coppin Géraldine,Cayeux Isabelle,Porcherot Christelle,Sander David,Delplanque Sylvain
Wisco Blair E,Marx Brian P,Sloan Denise M,Gorman Kaitlyn R,Kulish Andrea L,Pineles Suzanne L
Olsson Andreas,McMahon Kibby,Papenberg Goran,Zaki Jamil,Bolger Niall,Ochsner Kevin N
Gaetan Sophie,Dousset Erick,Marqueste Tanguy,Bringoux Lionel,Bourdin Christophe,Vercher Jean-Louis,Besson Patricia
Lanini Juliana,Galduróz José Carlos Fernandes,Pompéia Sabine
Tieri Gaetano,Tidoni Emmanuele,Pavone Enea Francesco,Aglioti Salvatore Maria
Diemer Julia,Lohkamp Nora,Mühlberger Andreas,Zwanzger Peter
Egorova Natalia,Park Joel,Orr Scott P,Kirsch Irving,Gollub Randy L,Kong Jian
Coelho Cesar A O,Dunsmoor Joseph E,Phelps Elizabeth A
Hopkins Lauren S,Schultz Douglas H,Hannula Deborah E,Helmstetter Fred J
Kastner Anna K,Flohr Elena L R,Pauli Paul,Wieser Matthias J
Barnard M P,Chapman P
Clamor Annika,Schlier Björn,Köther Ulf,Hartmann Maike M,Moritz Steffen,Lincoln Tania M
McCall Cade,Hildebrandt Lea K,Bornemann Boris,Singer Tania
Stephenson K G,Quintin E M,South M
Peasley-Miklus Catherine E,Panayiotou Georgia,Vrana Scott R
Ahmed Ola,Lovibond Peter F
Munafò Marianna,Patron Elisabetta,Palomba Daniela
Lemaire M,El-Hage W,Frangou S
Juslin Patrik N,Barradas Gonçalo,Eerola Tuomas
Fayolle Sophie,Gil Sandrine,Droit-Volet Sylvie
Szemerszky Renáta,Dömötör Zsuzsanna,Berkes Tímea,Köteles Ferenc
Löw Andreas,Weymar Mathias,Hamm Alfons O
Price Tom F,Harmon-Jones Eddie
van Goozen Stephanie H M,Langley Kate,Northover Clare,Hubble Kelly,Rubia Katya,Schepman Karen,O'Donovan Michael C,Thapar Anita
Aboulafia-Brakha Tatiana,Allain Philippe,Ptak Radek
Sevenster Dieuwke,Hamm Alfons,Beckers Tom,Kindt Merel
Tyler William J,Boasso Alyssa M,Mortimore Hailey M,Silva Rhonda S,Charlesworth Jonathan D,Marlin Michelle A,Aebersold Kirsten,Aven Linh,Wetmore Daniel Z,Pal Sumon K
Buyukturkoglu Korhan,Roettgers Hans,Sommer Jens,Rana Mohit,Dietzsch Leonie,Arikan Ezgi Belkis,Veit Ralf,Malekshahi Rahim,Kircher Tilo,Birbaumer Niels,Sitaram Ranganatha,Ruiz Sergio
Zengin-Bolatkale Hatun,Conture Edward G,Walden Tedra A
Staib Matthias,Castegnetti Giuseppe,Bach Dominik R
Eckstein Monika,Scheele Dirk,Patin Alexandra,Preckel Katrin,Becker Benjamin,Walter Annika,Domschke Katharina,Grinevich Valery,Maier Wolfgang,Hurlemann René
Tobia Valentina,Bonifacci Paola,Ottaviani Cristina,Borsato Thomas,Marzocchi Gian Marco
Pace-Schott Edward F,Rubin Zoe S,Tracy Lauren E,Spencer Rebecca M C,Orr Scott P,Verga Patrick W
Khezri Mahdi,Firoozabadi Mohammad,Sharafat Ahmad Reza
Haaker Jan,Lonsdorf Tina B,Kalisch Raffael
Bisby James A,King John A,Sulpizio Valentina,Degeilh Fanny,Valerie Curran H,Burgess Neil
Northover Clare,Thapar Anita,Langley Kate,van Goozen Stephanie H M
Åhs Fredrik,Kragel Philip A,Zielinski David J,Brady Rachael,LaBar Kevin S
Kleint Nina I,Wittchen Hans-Ulrich,Lueken Ulrike
Pusenjak Nika,Grad Anton,Tusak Matej,Leskovsek Matevz,Schwarzlin Romina
Harnett Nathaniel G,Wheelock Muriah D,Wood Kimberly H,Ladnier Jordan C,Mrug Sylvie,Knight David C
Kuijsters Andre,Redi Judith,de Ruyter Boris,Heynderickx Ingrid
Mancke Falk,Herpertz Sabine C,Bertsch Katja
Limmer Jan,Kornhuber Johannes,Martin Alexandra
Benke Christoph,Blumenthal Terry D,Modeß Christiane,Hamm Alfons O,Pané-Farré Christiane A
Trotzke Patrick,Starcke Katrin,Pedersen Anya,Müller Astrid,Brand Matthias
Rosenbaum Blake L,Bui Eric,Marin Marie-France,Holt Daphne J,Lasko Natasha B,Pitman Roger K,Orr Scott P,Milad Mohammed R
Kirschner Hans,Hilbert Kevin,Hoyer Jana,Lueken Ulrike,Beesdo-Baum Katja
Parma Valentina,Ferraro Stefania,Miller Stacie S,Åhs Fredrik,Lundström Johan N
Alvarez R P,Kirlic N,Misaki M,Bodurka J,Rhudy J L,Paulus M P,Drevets W C
Gros Auriane,Giroud Maurice,Bejot Yannick,Rouaud Olivier,Guillemin Sophie,Aboa Eboulé Corine,Manera Valeria,Daumas Anaïs,Lemesle Martin Martine
Brashers-Krug Tom,Jorge Ricardo
Stussi Yoann,Brosch Tobias,Sander David
Lonsdorf Tina B,Haaker Jan,Schümann Dirk,Sommer Tobias,Bayer Janine,Brassen Stefanie,Bunzeck Nico,Gamer Matthias,Kalisch Raffael
Wendt Julia,Neubert Jörg,Koenig Julian,Thayer Julian F,Hamm Alfons O
Jang Eun-Hye,Park Byoung-Jun,Park Mi-Sook,Kim Sang-Hyeob,Sohn Jin-Hun
Ai Si-Zhi,Chen Jie,Liu Jian-Feng,He Jia,Xue Yan-Xue,Bao Yan-Ping,Han Fang,Tang Xiang-Dong,Lu Lin,Shi Jie
Icenhour Adriane,Kattoor Joswin,Benson Sven,Boekstegers Armgard,Schlamann Marc,Merz Christian J,Forsting Michael,Elsenbruch Sigrid
Drexler Shira Meir,Merz Christian J,Hamacher-Dang Tanja C,Tegenthoff Martin,Wolf Oliver T
Pastor M Carmen,Poy Rosario,Segarra Pilar,Moltó Javier
Zeng Qing,Jia Yanlei,Wang Yuanjun,Zhang Junhua,Liu Chuyi,Zheng Xifu
Myllyneva Aki,Ranta Klaus,Hietanen Jari K
Martínez-Galindo Joyce Graciela,Cansino Selene
Lincoln Tania M,Hartmann Maike,Köther Ulf,Moritz Steffen
Nees Frauke,Heinrich Angela,Flor Herta
Tada Mitsuhiro,Uchida Hiroyuki,Maeda Takaki,Konishi Mika,Umeda Satoshi,Terasawa Yuri,Nakajima Shinichiro,Mimura Masaru,Miyazaki Tomoyuki,Takahashi Takuya
Meyer Benjamin,Yuen Kenneth S L,Ertl Matthias,Polomac Nenad,Mulert Christoph,Büchel Christian,Kalisch Raffael
Guhn Anne,Domschke Katharina,Müller Laura D,Dresler Thomas,Eff Florian,Kopf Juliane,Deckert Jürgen,Reif Andreas,Herrmann Martin J
Mertens Gaëtan,Kuhn Manuel,Raes An K,Kalisch Raffael,De Houwer Jan,Lonsdorf Tina B
Riemer Martin,Bublatzky Florian,Trojan Jörg,Alpers Georg W
Li Yadan,Ma Wenjuan,Kang Qin,Qiao Lei,Tang Dandan,Qiu Jiang,Zhang Qinglin,Li Hong
Gatzke-Kopp Lisa M,Willner Cynthia J,Jetha Michelle K,Abenavoli Rachel M,DuPuis David,Segalowitz Sidney J
Delgado-Pastor Luis Carlos,Ciria Luis F,Blanca Beatriz,Mata José L,Vera María N,Vila Jaime
Ehgoetz Martens Kaylena A,Ellard Colin G,Almeida Quincy J
Derntl Birgit,Krajnik Jacqueline,Kollndorfer Kathrin,Bijak Manfred,Nemec Ursula,Leithner Katharina,Prayer Daniela,Schöpf Veronika
Kleberg Johan L,Selbing Ida,Lundqvist Daniel,Hofvander Björn,Olsson Andreas
Hedger Nicholas,Adams Wendy J,Garner Matthew
Stange Madison,Graydon Candice,Dixon Mike J
Gomez Patrick,Scholz Urte,Danuser Brigitta
Servián-Franco Fátima,Moreno-Domínguez Silvia,del Paso Gustavo A Reyes
Vogel Susanne,Klumpers Floris,Kroes Marijn C W,Oplaat Krista T,Krugers Harm J,Oitzl Melly S,Joëls Marian,Fernández Guillén
MacNamara Annmarie,Rabinak Christine A,Fitzgerald Daniel A,Zhou Xiaohong Joe,Shankman Stewart A,Milad Mohammed R,Phan K Luan
Ring Patrick,Kaernbach Christian
Cahana-Amitay Dalia,Oveis Abigail C,Sayers Jesse T,Pineles Suzanne L,Spiro Avron,Albert Martin L
Helsen Kim,Vlaeyen Johan W S,Goubert Liesbet
Jackson Philip L,Michon Pierre-Emmanuel,Geslin Erik,Carignan Maxime,Beaudoin Danny
Balconi Michela,Cotelli Maria,Brambilla Michela,Manenti Rosa,Cosseddu Maura,Premi Enrico,Gasparotti Roberto,Zanetti Orazio,Padovani Alessandro,Borroni Barbara
Cosme Danielle,Wiens Stefan
Vaschillo Evgeny G,Vaschillo Bronya,Buckman Jennifer F,Nguyen-Louie Tam,Heiss Sydney,Pandina Robert J,Bates Marsha E
Winkelmann Tobias,Grimm Oliver,Pohlack Sebastian T,Nees Frauke,Cacciaglia Raffaele,Dinu-Biringer Ramona,Steiger Frauke,Wicking Manon,Ruttorf Michaela,Schad Lothar R,Flor Herta
Okur Güney Zeynep,Sattel Heribert,Cardone Daniela,Merla Arcangelo
Stancak Andrej,Xie Yuxin,Fallon Nicholas,Bulsing Patricia,Giesbrecht Timo,Thomas Anna,Pantelous Athanasios A
Dutheil Frédéric,Chambres Patrick,Hufnagel Cédric,Auxiette Catherine,Chausse Pierre,Ghozi Raja,Paugam Guillaume,Boudet Gil,Khalfa Nadia,Naughton Geraldine,Chamoux Alain,Mermillod Martial,Bertrand Pierre Raphael
Pfaltz Monique C,Schumacher Sonja,Wilhelm Frank H,Dammann Gerhard,Seifritz Erich,Martin-Soelch Chantal
Antov Martin I,Melicherová Ursula,Stockhorst Ursula
Pohlack Sebastian T,Nees Frauke,Ruttorf Michaela,Cacciaglia Raffaele,Winkelmann Tobias,Schad Lothar R,Witt Stephanie H,Rietschel Marcella,Flor Herta
Mendolia Marilyn
Dolu Nazan,Acer Hale,Kara Ali Yucel
Boyle Sean,Roche Bryan,Dymond Simon,Hermans Dirk
Dunsmoor Joseph E,Campese Vinn D,Ceceli Ahmet O,LeDoux Joseph E,Phelps Elizabeth A
Pappens Meike,Schroijen Mathias,Van den Bergh Omer,Van Diest Ilse
Stellar Jennifer E,Cohen Adam,Oveis Christopher,Keltner Dacher
Guimond Anne-Josée,Massicotte Elsa,Savard Marie-Hélène,Charron-Drolet Jade,Ruel Sophie,Ivers Hans,Savard Josée
Davies Carolyn D,Craske Michelle G
Glombiewski Julia Anna,Riecke Jenny,Holzapfel Sebastian,Rief Winfried,König Stephan,Lachnit Harald,Seifart Ulf
Dethier Vincent,Bruneau Nicolas,Philippot Pierre
Matthews Allison,Naran Nishma,Kirkby Kenneth C
Greco Alberto,Lanata Antonio,Valenza Gaetano,Scilingo Enzo Pasquale,Citi Luca
Jaber-López Tarek,García-Gallego Aurora,Perakakis Pandelis,Georgantzis Nikolaos
Icenhour A,Langhorst J,Benson S,Schlamann M,Hampel S,Engler H,Forsting M,Elsenbruch S
Zvi Lisa,Nachson Israel,Elaad Eitan
Eckstein Monika,Becker Benjamin,Scheele Dirk,Scholz Claudia,Preckel Katrin,Schlaepfer Thomas E,Grinevich Valery,Kendrick Keith M,Maier Wolfgang,Hurlemann René
Åhs Fredrik,Dunsmoor Joseph E,Zielinski David,LaBar Kevin S
Waters Allison M,Kershaw Rachel
Martínez Karen G,Franco-Chaves José A,Milad Mohammed R,Quirk Gregory J
Fitzpatrick Skye,Kuo Janice R
Kunze Anna E,Arntz Arnoud,Kindt Merel
Haesen Kim,Vervliet Bram
Pané-Farré Christiane A,Alius Manuela G,Modeß Christiane,Methling Karen,Blumenthal Terry,Hamm Alfons O
Wegerer Melanie,Kerschbaum Hubert,Blechert Jens,Wilhelm Frank H
Cărnuţă Mihai,Crişan Liviu G,Vulturar Romana,Opre Adrian,Miu Andrei C
McLaughlin N C R,Strong D,Abrantes A,Garnaat S,Cerny A,O'Connell C,Fadok R,Spofford C,Rasmussen S A,Milad M R,Greenberg B D
Klumpers Floris,Kroes Marijn C,Heitland Ivo,Everaerd Daphne,Akkermans Sophie E A,Oosting Ronald S,van Wingen Guido,Franke Barbara,Kenemans J Leon,Fernández Guillén,Baas Johanna M P
Wood Nellie E,Rosasco Maria L,Suris Alina M,Spring Justin D,Marin Marie-France,Lasko Natasha B,Goetz Jared M,Fischer Avital M,Orr Scott P,Pitman Roger K
Shechner Tomer,Britton Jennifer C,Ronkin Emily G,Jarcho Johanna M,Mash Jamie A,Michalska Kalina J,Leibenluft Ellen,Pine Daniel S
Pachas Gladys N,Gilman Jodi,Orr Scott P,Hoeppner Bettina,Carlini Sara V,Grasser Elisabeth B,Loebl Tsafrir,Nino Johanna,Pitman Roger K,Evins A Eden
Hamacher-Dang Tanja C,Merz Christian J,Wolf Oliver T
Kogler Lydia,Gur Ruben C,Derntl Birgit
Garfinkel Sarah N,Abelson James L,King Anthony P,Sripada Rebecca K,Wang Xin,Gaines Laura M,Liberzon Israel
Constantinou Elena,Panayiotou Georgia,Theodorou Marios
Balconi Michela,Vanutelli Maria Elide,Finocchiaro Roberta
Packard Pau Alexander,Rodríguez-Fornells Antoni,Stein Lilian Milnitsky,Nicolás Berta,Fuentemilla Lluís
Lei Pei,Wang Jing,Zhou Xinwei,Chai Xinyu
Ahmed Ola,Lovibond Peter F
Spring Justin D,Wood Nellie E,Mueller-Pfeiffer Christoph,Milad Mohammed R,Pitman Roger K,Orr Scott P
Pappens Meike,Schroijen Mathias,Sütterlin Stefan,Smets Elyn,Van den Bergh Omer,Thayer Julian F,Van Diest Ilse
Gao Yu,Tuvblad Catherine,Schell Anne,Baker Laura,Raine Adrian
Di Gruttola Francesco,Orsini Paolo,Carboncini Maria C,Rossi Bruno,Santarcangelo Enrica L
Weinreich André,Strobach Tilo,Schubert Torsten
Lonsdorf Tina B,Golkar Armita,Lindström Kara M,Haaker Jan,Öhman Arne,Schalling Martin,Ingvar Martin
Jones Robin M,Buhr Anthony P,Conture Edward G,Tumanova Victoria,Walden Tedra A,Porges Stephen W
Antov Martin I,Stockhorst Ursula
Banny Adrienne M,Tseng Wan-Ling,Murray-Close Dianna,Pitula Clio E,Crick Nicki R
Sansen Lisa M,Iffland Benjamin,Neuner Frank
Rohde Katharina,Adolph Dirk,Dietrich Detlef E,Michalak Johannes
Ortega-Roldán Blanca,Rodríguez-Ruiz Sonia,Perakakis Pandelis,Fernández-Santaella M Carmen,Vila Jaime
Zeng Xiang-Xing,Du Juan,Zhuang Chu-Qun,Zhang Jun-Hua,Jia Yan-Lei,Zheng Xi-Fu
Otto Michael W,Moshier Samantha J,Kinner Dina G,Simon Naomi M,Pollack Mark H,Orr Scott P
Fisher Alana C,Rushby Jacqueline A,McDonald Skye,Parks Nicklas,Piguet Olivier
Dunsmoor Joseph E,Murphy Gregory L
Stratford Trisha,Meara Alan,Psychotherapy M Gestalt,Lal Sara
Kivikangas J Matias,Kätsyri Jari,Järvelä Simo,Ravaja Niklas
Armbruster Diana,Suchert Vivien,Gärtner Anne,Strobel Alexander
Derefinko Karen J,Peters Jessica R,Eisenlohr-Moul Tory A,Walsh Erin C,Adams Zachary W,Lynam Donald R
Emery Helen T,McElwain Nancy L,Groh Ashley M,Haydon Katherine C,Roisman Glenn I
Cunningham Tony J,Crowell Charles R,Alger Sara E,Kensinger Elizabeth A,Villano Michael A,Mattingly Stephen M,Payne Jessica D
Bublatzky Florian,Gerdes Antje B M,Alpers Georg W
Pfabigan Daniela M,Seidel Eva-Maria,Wucherer Anna M,Keckeis Katinka,Derntl Birgit,Lamm Claus
Chauret Mélissa,La Buissonnière-Ariza Valérie,Lamoureux Tremblay Vickie,Suffren Sabrina,Servonnet Alice,Pine Daniel S,Maheu Françoise S
Peters Anja C,Blechert Jens,Sämann Philipp G,Eidner Ines,Czisch Michael,Spoormaker Victor I
Whitton Alexis E,Henry Julie D,Grisham Jessica R
Cacciaglia Raffaele,Pohlack Sebastian T,Flor Herta,Nees Frauke
Pinkney Verity,Wickens Robin,Bamford Susan,Baldwin David S,Garner Matthew
Gold Andrea L,Morey Rajendra A,McCarthy Gregory
Gonzalez-Gadea María Luz,Ibanez Agustín,Damm Juliane,Ramirez Romero Diana Andrea,Abrevaya Sofia,Manes Facundo,Richly Pablo,Roca Maria
Ottaviani Cristina,Borlimi Rosita,Brighetti Gianni,Caselli Gabriele,Favaretto Ettore,Giardini Irene,Marzocchi Camilla,Nucifora Valeria,Rebecchi Daniela,Ruggiero Giovanni M,Sassaroli Sandra
Roth Guy,Benita Moti,Amrani Chen,Shachar Bat-Hen,Asoulin Hadas,Moed Anat,Bibi Uri,Kanat-Maymon Yaniv
Wood Kimberly H,Ver Hoef Lawrence W,Knight David C
Glass Sandra T,Lingg Elisabeth,Heuberger Eva
Mueller Erik M,Panitz Christian,Hermann Christiane,Pizzagalli Diego A
Meir Drexler Shira,Merz Christian J,Hamacher-Dang Tanja C,Marquardt Veronica,Fritsch Nathalie,Otto Tobias,Wolf Oliver T
Yuan Jiajin,Liu Yingying,Ding Nanxiang,Yang Jiemin
Mori Kazuma,Iwanaga Makoto
Back Sudie E,Gros Daniel F,McCauley Jenna L,Flanagan Julianne C,Cox Elizabeth,Barth Kelly S,Brady Kathleen T
Vervoort Ellen,Vervliet Bram,Bennett Marc,Baeyens Frank
Masaoka Yuri,Izumizaki Masahiko,Homma Ikuo
Paysnick Amy A,Burt Keith B
Shepherd Laura,Wild Jennifer
Kindermann Nicole K,Werner Natalie S
de Wijk René A,He Wei,Mensink Manon G J,Verhoeven Rob H G,de Graaf Cees
Konig Andrea,Eonta Alison,Dyal Stephanie R,Vrana Scott R
Llera Sandra J,Newman Michelle G
Torrents-Rodas David,Fullana Miquel A,Bonillo Albert,Andión Oscar,Molinuevo Beatriz,Caseras Xavier,Torrubia Rafael
Otto A Ross,Knox W Bradley,Markman Arthur B,Love Bradley C
Tomé-Pires C,Miró J
Braithwaite Jason J,Broglia Emma,Watson Derrick G
Dibbets Pauline,van den Broek Anne,Evers Elisabeth A T
He Wei,Boesveldt Sanne,de Graaf Cees,de Wijk René A
Krautwurst Susann,Gerlach Alexander L,Gomille Lara,Hiller Wolfgang,Witthöft Michael
Di Giacinto A,Brunetti M,Sepede G,Ferretti A,Merla A
Apergis-Schoute Annemieke M,Schiller Daniela,LeDoux Joseph E,Phelps Elizabeth A
Raio Candace M,Brignoni-Perez Edith,Goldman Rachel,Phelps Elizabeth A
Merz Christian J,Hamacher-Dang Tanja C,Wolf Oliver T
Sep Milou S C,van Osch Mara,van Vliet Liesbeth M,Smets Ellen M A,Bensing Jozien M
Cornelisse Sandra,van Ast Vanessa A,Joëls Marian,Kindt Merel
Pace-Schott Edward F,Tracy Lauren E,Rubin Zoe,Mollica Adrian G,Ellenbogen Jeffrey M,Bianchi Matt T,Milad Mohammed R,Pitman Roger K,Orr Scott P
Schrieks Ilse C,Stafleu Annette,Kallen Victor L,Grootjen Marc,Witkamp Renger F,Hendriks Henk F J
Raes An K,De Houwer Jan,De Schryver Maarten,Brass Marcel,Kalisch Raffael
Spoormaker V I,Gvozdanovic G A,Sämann P G,Czisch M
Kim Kwanguk,Rosenthal M Zachary,Zielinski David J,Brady Rachael
Jay Emma-Louise,Sierra Mauricio,Van den Eynde Frederique,Rothwell John C,David Anthony S
van Rijn Sophie,Barendse Marjolein,van Goozen Stephanie,Swaab Hanna
Conzelmann Annette,Gerdes Antje B M,Mucha Ronald F,Weyers Peter,Lesch Klaus-Peter,Bähne Christina G,Fallgatter Andreas J,Renner Tobias J,Warnke Andreas,Romanos Marcel,Pauli Paul
Mungee Aditya,Kazzer Philipp,Feeser Melanie,Nitsche Michael A,Schiller Daniela,Bajbouj Malek
Gruber June,Hay Aleena C,Gross James J
Peperkorn Henrik M,Alpers Georg W,Mühlberger Andreas
Lapate Regina C,Rokers Bas,Li Tianyi,Davidson Richard J
Peterson Zoë D,Janssen Erick,Goodrich David,Heiman Julia R
Ma Qingguo,Huang Yujing,Wang Lei
Blanchette Isabelle,Gavigan Sarah,Johnston Kathryn
Waters Allison M,Peters Rosie-Mae,Forrest Kylee E,Zimmer-Gembeck Melanie
Wegerer Melanie,Blechert Jens,Kerschbaum Hubert,Wilhelm Frank H
Holper Lisa,Murphy Ryan O
Lawrence Emma J,Su Li,Barker Gareth J,Medford Nick,Dalton Jeffrey,Williams Steve C R,Birbaumer Niels,Veit Ralf,Ranganatha Sitaram,Bodurka Jerzy,Brammer Michael,Giampietro Vincent,David Anthony S
Perrone-McGovern Kristin M,Oliveira-Silva Patrícia,Simon-Dack Stephanie,Lefdahl-Davis Erin,Adams David,McConnell John,Howell Desiree,Hess Ryan,Davis Andrew,Gonçalves Oscar F
Lohani Monika,Isaacowitz Derek M
Merrifield Colleen,Danckert James
Lonsdorf Tina B,Haaker Jan,Fadai Tahmine,Kalisch Raffael
Sebastiani Laura,D'Alessandro Luigi,Gemignani Angelo
Warren Victor Taylor,Anderson Kemp M,Kwon Cliffe,Bosshardt Lauren,Jovanovic Tanja,Bradley Bekh,Norrholm Seth Davin
Jovanovic Tanja,Nylocks Karin Maria,Gamwell Kaitlyn L,Smith Ami,Davis Telsie A,Norrholm Seth Davin,Bradley Bekh
Banks Sarah J,Bellerose Jenny,Douglas Danielle,Jones-Gotman Marilyn
Rothen Nicolas,Meier Beat
Brumbaugh Claudia Chloe,Kothuri Ravi,Marci Carl,Siefert Caleb,Pfaff Donald D
Vervliet Bram,Geens Maarten
Haaker Jan,Lonsdorf Tina B,Thanellou Alexandra,Kalisch Raffael
Farmer A D,Coen S J,Kano M,Worthen S F,Rossiter H E,Navqi H,Scott S M,Furlong P L,Aziz Q
Poma Stefano Zanone,Merlo-Pich Emilio,Bettica Paolo,Bani Massimo,Fina Paolo,Ziviani Luigi,Milleri Stefano
Seehausen Maria,Kazzer Philipp,Bajbouj Malek,Heekeren Hauke R,Jacobs Arthur M,Klann-Delius Gisela,Menninghaus Winfried,Prehn Kristin
Tupak Sara V,Dresler Thomas,Guhn Anne,Ehlis Ann-Christine,Fallgatter Andreas J,Pauli Paul,Herrmann Martin J
Feeser Melanie,Prehn Kristin,Kazzer Philipp,Mungee Aditya,Bajbouj Malek
Choi Mi-Hyun,Min Yoon-Ki,Kim Hyung-Sik,Kim Ji-Hye,Yeon Hong-Won,Choi Jin-Seung,Kim Boseong,Min Byung-Chan,Park Jang-Yeon,Jun Jae-Hoon,Yi Jeong-Han,Tack Gye-Rae,Chung Soon-Cheol
Ross Mary J,Guthrie Paul,Dumont Justin-Claude
Bach Dominik R,Friston Karl J,Dolan Raymond J
Butler Emily A,Gross James J,Barnard Kobus
Rosen Jan B,Brand Matthias,Polzer Christin,Ebersbach Georg,Kalbe Elke
Tan Tengteng,Li Han,Wang Yingying,Yang Jiongjiong
Seidel Eva-Maria,Pfabigan Daniela Melitta,Keckeis Katinka,Wucherer Anna Maria,Jahn Thomas,Lamm Claus,Derntl Birgit
Louwerse Anneke,Tulen Joke H M,van der Geest Jos N,van der Ende Jan,Verhulst Frank C,Greaves-Lord Kirstin
Antov Martin I,Wölk Christoph,Stockhorst Ursula
Mathersul Danielle,McDonald Skye,Rushby Jacqueline A
van der Zwaag Marjolein D,Janssen Joris H,Nass Clifford,Westerink Joyce H D M,Chowdhury Shrestha,de Waard Dick
Bach Dominik R
Pace-Schott Edward F,Spencer Rebecca M C,Vijayakumar Shilpa,Ahmed Nafis A K,Verga Patrick W,Orr Scott P,Pitman Roger K,Milad Mohammed R
Ragsdale Katie A,Mitchell Jonathan C,Cassisi Jeffrey E,Bedwell Jeffrey S
Raio Candace M,Orederu Temidayo A,Palazzolo Laura,Shurick Ashley A,Phelps Elizabeth A
Notbohm Gert,Schmook Renate,Schwarze Sieglinde,Angerer Peter
Terry Ellen L,DelVentura Jennifer L,Bartley Emily J,Vincent Ashley L,Rhudy Jamie L
Labus Jennifer S,Hubbard Catherine S,Bueller Joshua,Ebrat Bahar,Tillisch Kirsten,Chen Michelle,Stains Jean,Dukes George E,Kelleher Dennis L,Naliboff Bruce D,Fanselow Michael,Mayer Emeran A
Merz Christian Josef,Hermann Andrea,Stark Rudolf,Wolf Oliver Tobias
Sturm Anna,Czisch Michael,Spoormaker Victor I
Leer Arne,Engelhard Iris M,Altink Annemarie,van den Hout Marcel A
Eimontaite Iveta,Nicolle Antoinette,Schindler Igor,Goel Vinod
Lee In-Seon,Yoon Sung-Soo,Lee Soon-Ho,Lee Hyejung,Park Hi-Joon,Wallraven Christian,Chae Younbyoung
Dezecache Guillaume,Conty Laurence,Chadwick Michele,Philip Leonor,Soussignan Robert,Sperber Dan,Grèzes Julie
Qu Chen,Zhang Aiyi,Chen Qishan
Rushby Jacqueline Ann,McDonald Skye,Randall Rebekah,de Sousa Arielle,Trimmer Emily,Fisher Alana
Merz Christian Josef,Wolf Oliver Tobias,Schweckendiek Jan,Klucken Tim,Vaitl Dieter,Stark Rudolf
Bui Eric,Orr Scott P,Jacoby Ryan J,Keshaviah Aparna,LeBlanc Nicole J,Milad Mohammed R,Pollack Mark H,Simon Naomi M
Balconi Michela,Bortolotti Adriana
Milad Mohammed R,Furtak Sharon C,Greenberg Jennifer L,Keshaviah Aparna,Im Jooyeon J,Falkenstein Martha J,Jenike Michael,Rauch Scott L,Wilhelm Sabine
Klucken Tim,Schweckendiek Jan,Merz Christian J,Vaitl Dieter,Stark Rudolf
Schultz Douglas H,Balderston Nicholas L,Geiger Jennifer A,Helmstetter Fred J
Wilbertz Gregor,Trueg Amalie,Sonuga-Barke Edmund J S,Blechert Jens,Philipsen Alexandra,Tebartz van Elst Ludger
Rushby Jacqueline A,Fisher Alana C,McDonald Skye,Murphy Anne,Finnigan Simon
Bos Marieke G N,Jentgens Pia,Beckers Tom,Kindt Merel
Lee In-Seon,Jo Hee-Jin,Lee Soon-Ho,Lee Hyangsook,Lee Hyejung,Park Hi-Joon,Chae Younbyoung
Weise Sigrun,Ong Jason,Tesler Noemi A,Kim Sunyoung,Roth Walton T
Yela Bernabé José Ramon,Gómez Martínez Maria Ángeles,Cortés Rodríguez María,Salgado Ruiz Alfonso
Reagh Zachariah M,Knight David C
Rhudy Jamie L,DelVentura Jennifer L,Terry Ellen L,Bartley Emily J,Olech Ewa,Palit Shreela,Kerr Kara L
Baker Erika,Shelton Katherine H,Baibazarova Eugenia,Hay Dale F,van Goozen Stephanie H M
Choi Jong Moon,Padmala Srikanth,Spechler Philip,Pessoa Luiz
Maier S J,Szalkowski A,Kamphausen S,Feige B,Perlov E,Kalisch R,Jacob G A,Philipsen A,Tüscher O,Tebartz van Elst L
Monde Kai-Mosadi,Ketay Sarah,Giesbrecht Timo,Braun Ashley,Simeon Daphne
Hunter Myra S,Chilcot Joseph
Elaad Eitan
Constantinou Elena,Bogaerts Katleen,Van Diest Ilse,Van den Bergh Omer
Buodo Giulia,Moscardino Ughetta,Scrimin Sara,Altoè Gianmarco,Palomba Daniela
Dunsmoor Joseph E,LaBar Kevin S
Diemer Julia,Domschke Katharina,Mühlberger Andreas,Winter Bernward,Zavorotnyy Maxim,Notzon Swantje,Silling Karen,Arolt Volker,Zwanzger Peter
Leknes Siri,Berna Chantal,Lee Michael C,Snyder Gregory D,Biele Guido,Tracey Irene
Bublatzky Florian,Guerra Pedro M,Pastor M Carmen,Schupp Harald T,Vila Jaime
Dixon-Gordon Katherine L,Yiu Angelina,Chapman Alexander L
de Rezende Marcos Gonçalves,Garcia-Leal Cybele,Graeff Frederico Guilherme,Del-Ben Cristina Marta
Das Ravi K,Kamboj Sunjeev K,Ramadas Mayurun,Yogan Kishoj,Gupta Vivek,Redman Emily,Curran H Valerie,Morgan Celia J A
Lemche Erwin,Giampietro Vincent P,Brammer Michael J,Surguladze Simon A,Williams Steven C R,Phillips Mary L
Williams Tracey A,Langdon Robyn,Porter Melanie A
Syngelaki Eva M,Fairchild Graeme,Moore Simon C,Savage Justin C,van Goozen Stephanie H M
Shiban Youssef,Pauli Paul,Mühlberger Andreas
Simioni Samanta,Schluep Myriam,Bault Nadège,Coricelli Giorgio,Kleeberg Joerg,Du Pasquier Renaud A,Gschwind Markus,Vuilleumier Patrik,Annoni Jean-Marie
Pieper Joy Rickman,Laugero Kevin D
Deiters Désirée D,Stevens Stephan,Hermann Christiane,Gerlach Alexander L
Gazendam Femke J,Kamphuis Jan H,Kindt Merel
Seehausen Maria,Kazzer Philipp,Bajbouj Malek,Prehn Kristin
Huertas Evelio
Mathersul Danielle,McDonald Skye,Rushby Jacqueline A
Torrents-Rodas David,Fullana Miquel A,Bonillo Albert,Caseras Xavier,Andión Oscar,Torrubia Rafael
Seedall Ryan B,Wampler Karen S
Inslicht Sabra S,Metzler Thomas J,Garcia Natalia M,Pineles Suzanne L,Milad Mohammed R,Orr Scott P,Marmar Charles R,Neylan Thomas C
Baschnagel Joseph S,Coffey Scott F,Hawk Larry W,Schumacher Julie A,Holloman Garland
Sánchez-Navarro Juan P,Maldonado Enrique F,Martínez-Selva José M,Enguix Alfredo,Ortiz Carmen
Dixon Mike J,MacLaren Vance,Jarick Michelle,Fugelsang Jonathan A,Harrigan Kevin A
Raes An K,De Raedt Rudi
Vossbeck-Elsebusch Anna N,Steinigeweg Katrin,Vögele Claus,Gerlach Alexander L
Goodman Ronald N,Rietschel Jeremy C,Lo Li-Chuan,Costanzo Michelle E,Hatfield Bradley D
Balle Maria,Tortella-Feliu Miquel,Bornas Xavier
Martínez Karen G,Castro-Couch Melissa,Franco-Chaves José A,Ojeda-Arce Brenda,Segura Gustavo,Milad Mohammed R,Quirk Gregory J
Soussignan Robert,Chadwick Michèle,Philip Léonor,Conty Laurence,Dezecache Guillaume,Grèzes Julie
Kinnear Neale,Kelly Steve W,Stradling Stephen,Thomson James
Grynberg Delphine,Davydov Dmitry M,Vermeulen Nicolas,Luminet Olivier
Sevenster Dieuwke,Beckers Tom,Kindt Merel
Hermann Andrea,Küpper Yvonne,Schmitz Anja,Walter Bertram,Vaitl Dieter,Hennig Jürgen,Stark Rudolf,Tabbert Katharina
Chittaro Luca
Kreibig Sylvia D,Gendolla Guido H E,Scherer Klaus R
Holt Daphne J,Coombs Garth,Zeidan Mohamed A,Goff Donald C,Milad Mohammed R
Guntupalli Vijaya K,Nanjundeswaran Chayadevie,Dayalu Vikram N,Kalinowski Joseph
Nillni Yael I,Rohan Kelly J,Zvolensky Michael J
Reed Rebecca G,Randall Ashley K,Post Jessica H,Butler Emily A
Guerra Pedro,Sánchez-Adam Alicia,Anllo-Vento Lourdes,Ramírez Isabel,Vila Jaime
Jovanovic Tanja,Sakoman Andrea Jambrošić,Kozarić-Kovačić Dragica,Meštrović Ana Havelka,Duncan Erica J,Davis Michael,Norrholm Seth D
Blanchette Isabelle,Richards Anne
Kircanski Katharina,Lieberman Matthew D,Craske Michelle G
Elices Matilde,Soler Joaquim,Fernández Cristina,Martín-Blanco Ana,Jesús Portella María,Pérez Víctor,Alvarez Enrique,Carlos Pascual Juan
Agren T,Furmark T,Eriksson E,Fredrikson M
Bate Sarah,Cook Sarah Jayne
Yen Nai-Shing,Chou I-Chen,Chung Hui-Kuan,Chen Kuan-Hua
Rabinak Christine A,Angstadt Mike,Sripada Chandra S,Abelson James L,Liberzon Israel,Milad Mohammed R,Phan K Luan
Gatzke-Kopp Lisa M,Greenberg Mark T,Fortunato Christine K,Coccia Michael A
Baker Erika,Baibazarova Eugenia,Ktistaki Georgia,Shelton Katherine H,van Goozen Stephanie H M
Oyarzún Javiera P,Lopez-Barroso Diana,Fuentemilla Lluís,Cucurell David,Pedraza Carmen,Rodriguez-Fornells Antoni,de Diego-Balaguer Ruth
Carvalho Sandra,Leite Jorge,Galdo-Álvarez Santiago,Gonçalves Oscar F
de Oliveira Danielle Chaves Gomes,Chagas Marcos Hortes N,Garcia Luis Vicente,Crippa José Alexandre S,Zuardi Antonio W
Wu Tingting,Luo Yi,Broster Lucas S,Gu Ruolei,Luo Yue-jia
Wangelin Bethany C,Bradley Margaret M,Kastner Anna,Lang Peter J
Richter Jan,Hamm Alfons O,Pané-Farré Christiane A,Gerlach Alexander L,Gloster Andrew T,Wittchen Hans-Ulrich,Lang Thomas,Alpers Georg W,Helbig-Lang Sylvia,Deckert Jürgen,Fydrich Thomas,Fehm Lydia,Ströhle Andreas,Kircher Tilo,Arolt Volker
Yassa Michael A,Hazlett Richard L,Stark Craig E L,Hoehn-Saric Rudolf
Langer Shelby L,Kelly Thomas H,Storer Barry E,Hall Suzanne P,Lucas Heather G,Syrjala Karen L
Vogel Wouter V,Valdés Olmos Renato A,Tijs Tim J W,Gillies Murray F,van Elswijk Gijs,Vogt Juergen
Pohlack Sebastian T,Nees Frauke,Ruttorf Michaela,Schad Lothar R,Flor Herta
Schneider Daniel,Regenbogen Christina,Kellermann Thilo,Finkelmeyer Andreas,Kohn Nils,Derntl Birgit,Schneider Frank,Habel Ute
Guhn Anne,Dresler Thomas,Hahn Tim,Mühlberger Andreas,Ströhle Andreas,Deckert Jürgen,Herrmann Martin J
Konstantinidis Evdokimos I,Frantzidis Christos A,Pappas Costas,Bamidis Panagiotis D
Grapperon J,Pignol A-C,Vion-Dury J
Moya-Albiol Luis,De Andrés-García Sara,Sanchis-Calatayud María Victoria,Sariñana-González Patricia,Ruiz-Robledillo Nicolás,Romero-Martínez Angel,González-Bono Esperanza
Gazendam Femke J,Kindt Merel
Pan Xueni,Gillies Marco,Barker Chris,Clark David M,Slater Mel
Gavazzeni Joachim,Andersson Tom,Bäckman Lars,Wiens Stefan,Fischer Håkan
Soeter Marieke,Kindt Merel
Vos Pieter,De Cock Paul,Munde Vera,Petry Katja,Van Den Noortgate Wim,Maes Bea
Hendrawan Donny,Yamakawa Kaori,Kimura Motohiro,Murakami Hiroki,Ohira Hideki
Saladin Michael E,Gray Kevin M,Carpenter Matthew J,LaRowe Steven D,DeSantis Stacia M,Upadhyaya Himanshu P
Gao Yu,Raine Adrian,Schug Robert A
Reynaud Emmanuelle,El Khoury-Malhame Myriam,Rossier Jérôme,Blin Olivier,Khalfa Stéphanie
Laurino Marco,Menicucci Danilo,Mastorci Francesca,Allegrini Paolo,Piarulli Andrea,Scilingo Enzo P,Bedini Remo,Pingitore Alessandro,Passera Mirko,L'abbate Antonio,Gemignani Angelo
Sokol Nicole,Lovibond Peter F
Kubo Kenta,Okanoya Kazuo,Kawai Nobuyuki
van Well Sonja,Visser Renée M,Scholte H Steven,Kindt Merel
El-Sheikh Mona,Keiley Margaret,Erath Stephen,Dyer W Justin
Kull Sandra,Müller Birgit H,Blechert Jens,Wilhelm Frank H,Michael Tanja
de Sousa Arielle,McDonald Skye,Rushby Jacqueline
Balconi Michela,Bortolotti Adriana
Breimhorst M,Hondrich M,Rebhorn C,May A,Birklein F
Banks Sarah J,Bellerose Jenny,Douglas Danielle,Jones-Gotman Marilyn
Sevenster Dieuwke,Beckers Tom,Kindt Merel
Kamphausen Susanne,Schröder Patricia,Maier Simon,Bader Kerstin,Feige Bernd,Kaller Christoph P,Glauche Volkmar,Ohlendorf Sabine,Tebartz van Elst Ludger,Klöppel Stefan,Jacob Gitta A,Silbersweig David,Lieb Klaus,Tüscher Oliver
Torrents-Rodas David,Fullana Miquel A,Arias Bárbara,Bonillo Albert,Caseras Xavier,Andión Oscar,Mitjans Marina,Fañanás Lourdes,Torrubia Rafael
Banks Sarah J,Ng Victoria,Jones-Gotman Marilyn
Rothemund Yvonne,Ziegler Silvio,Hermann Christiane,Gruesser Sabine M,Foell Jens,Patrick Christopher J,Flor Herta
Dunsmoor Joseph E,LaBar Kevin S
McTeague Lisa M,Lang Peter J,Wangelin Bethany C,Laplante Marie-Claude,Bradley Margaret M
Klumpers Floris,Denys Damiaan,Kenemans J Leon,Grillon Christian,van der Aart Jasper,Baas Johanna M P
Roy M,Lebuis A,Hugueville L,Peretz I,Rainville P
van Dooren Marieke,de Vries J J G Gert-Jan,Janssen Joris H
Bos Marieke G N,Beckers Tom,Kindt Merel
Linnman Clas,Zeidan Mohamed A,Furtak Sharon C,Pitman Roger K,Quirk Gregory J,Milad Mohammed R
Fernández Cristina,Pascual Juan C,Soler Joaquim,Elices Matilde,Portella Maria J,Fernández-Abascal Enrique
Sánchez-Navarro Juan P,Martínez-Selva José M,Torrente Ginesa,Pineda Sara,Murcia-Liarte Jose B,Carrillo-Verdejo Eduvigis
Miu Andrei C,Balteş Felicia Rodica
Matsunaga Masahiro,Isowa Tokiko,Yamakawa Kaori,Kawanishi Yoko,Tsuboi Hirohito,Kaneko Hiroshi,Sadato Norihiro,Oshida Akiko,Katayama Atsushi,Kashiwagi Mitsuyoshi,Ohira Hideki
Santarcangelo E L,Paoletti G,Balocchi R,Scattina E,Ghelarducci B,Varanini M
Kylliäinen Anneli,Wallace Simon,Coutanche Marc N,Leppänen Jukka M,Cusack James,Bailey Anthony J,Hietanen Jari K
Bouchard Sioui Maldonado,Brown Thomas G,Nadeau Louise
Pappens Meike,De Peuter Steven,Vansteenwegen Debora,Van den Bergh Omer,Van Diest Ilse
Willmann Magali,Langlet Cécile,Hainaut Jean-Philippe,Bolmont Benoît
Riby Deborah M,Whittle Lisa,Doherty-Sneddon Gwyneth
Klucken Tim,Alexander Nina,Schweckendiek Jan,Merz Christian J,Kagerer Sabine,Osinsky Roman,Walter Bertram,Vaitl Dieter,Hennig Juergen,Stark Rudolf
Wang Pan,Baker Laura A,Gao Yu,Raine Adrian,Lozano Dora Isabel
Wiemer Julian,Gerdes Antje B M,Pauli Paul
Tröger Christian,Ewald Heike,Glotzbach Evelyn,Pauli Paul,Mühlberger Andreas
Wood Kimberly H,Ver Hoef Lawrence W,Knight David C
Kaartinen Miia,Puura Kaija,Mäkelä Tiina,Rannisto Mervi,Lemponen Riina,Helminen Mika,Salmelin Raili,Himanen Sari-Leena,Hietanen Jari K
Regenbogen Christina,Schneider Daniel A,Finkelmeyer Andreas,Kohn Nils,Derntl Birgit,Kellermann Thilo,Gur Raquel E,Schneider Frank,Habel Ute
Linnman Clas,Zeidan Mohamed A,Pitman Roger K,Milad Mohammed R
Greenberg Tsafrir,Carlson Joshua M,Cha Jiook,Hajcak Greg,Mujica-Parodi Lilianne R
Nandrino Jean-Louis,Berna Guillaume,Hot Pascal,Dodin Vincent,Latrée Julie,Decharles Sandra,Sequeira Henrique
Pejic Tanja,Hermann Andrea,Vaitl Dieter,Stark Rudolf
Kim Sang Hee,Hamann Stephan
Boddez Yannick,Vervliet Bram,Baeyens Frank,Lauwers Stephanie,Hermans Dirk,Beckers Tom
Olney Nicholas T,Goodkind Madeleine S,Lomen-Hoerth Catherine,Whalen Patrick K,Williamson Craig A,Holley Deborah E,Verstaen Alice,Brown Laurel M,Miller Bruce L,Kornak John,Levenson Robert W,Rosen Howard J
McRae Kateri,Ciesielski Bethany,Gross James J
Erath Stephen A,Tu Kelly M,El-Sheikh Mona
Kelly Michelle,McDonald Skye,Rushby Jacqueline
Dunsmoor Joseph E,Martin Alex,LaBar Kevin S
Nillni Yael I,Berenz Erin C,Rohan Kelly J,Zvolensky Michael J
Park Sungwon,Kim Kiwoong
Kunz Miriam,Lautenbacher Stefan,LeBlanc Nadine,Rainville Pierre
Bianchin Marta,Angrilli Alessandro
Walla Peter,Brenner Gerhard,Koller Monika
Bradshaw David H,Donaldson Gary W,Jacobson Robert C,Nakamura Yoshio,Chapman C Richard
Barnow S,Limberg A,Stopsack M,Spitzer C,Grabe H J,Freyberger H J,Hamm A
Gómez Martínez Ma Angeles,Bernabé José Ramon Yela,Ruiz Alfonso Salgado,Rodríguez María Cortés
Bowers Andrew,Saltuklaroglu Tim,Kalinowski Joseph
Bediou Benoit,Mohri Christelle,Lack Jeremy,Sander David
Knight David C,Wood Kimberly H
Merz Christian J,Tabbert Katharina,Schweckendiek Jan,Klucken Tim,Vaitl Dieter,Stark Rudolf,Wolf Oliver T
Kindt Merel,Soeter Marieke
Lovibond Peter F,Chen Shirley X,Mitchell Christopher J,Weidemann Gabrielle
Busch Volker,Magerl Walter,Kern Uwe,Haas Joachim,Hajak Göran,Eichhammer Peter
Gouizi K,Bereksi Reguig F,Maaoui C
Pollatos Olga,Herbert Beate M,Wankner Sarah,Dietel Anja,Wachsmuth Cornelia,Henningsen Peter,Sack Martin
South Mikle,Larson Michael J,White Sarah E,Dana Julianne,Crowley Michael J
Glover Ebony M,Phifer Justine E,Crain Daniel F,Norrholm Seth D,Davis Michael,Bradley Bekh,Ressler Kerry J,Jovanovic Tanja
Kiss Imre,Levy-Gigi Einat,Kéri Szabolcs
Mauri Maurizio,Cipresso Pietro,Balgera Anna,Villamira Marco,Riva Giuseppe
Robinson Jason D,Lam Cho Y,Carter Brian L,Wetter David W,Cinciripini Paul M
Coutinho Eduardo,Cangelosi Angelo
Balconi Michela,Bortolotti Adriana
Dietz J,Bradley M M,Okun M S,Bowers D
Spoormaker Victor I,Schröter Manuel S,Andrade Kátia C,Dresler Martin,Kiem Sara A,Goya-Maldonado Roberto,Wetter Thomas C,Holsboer Florian,Sämann Philipp G,Czisch Michael
Wong Quincy J J,Moulds Michelle L
Nees Frauke,Diener Carsten,Smolka Michael N,Flor Herta
Helminen Terhi M,Kaasinen Suvi M,Hietanen Jari K
Zeidan Mohamed A,Igoe Sarah A,Linnman Clas,Vitalo Antonia,Levine John B,Klibanski Anne,Goldstein Jill M,Milad Mohammed R
Vieillard Sandrine,Roy Mathieu,Peretz Isabelle
Creech Suzannah K,Smith Jerrell,Grimes Jeffrey S,Meagher Mary W
Oliveira-Silva Patrícia,Gonçalves Oscar F
Heutink Joost,Brouwer Wiebo H,Kums Evelien,Young Andy,Bouma Anke
Coen Steven J,Kano Michiko,Farmer Adam D,Kumari Veena,Giampietro Vincent,Brammer Mick,Williams Steven C R,Aziz Qasim
Onnis Renzo,Dadds Mark R,Bryant Richard A
Wiechetek Ostos Marzanna,Schenk Françoise,Baenziger Tania,von Gunten Armin
Pollatos Olga,Werner Natalie S,Duschek Stefan,Schandry Rainer,Matthias Ellen,Traut-Mattausch Eva,Herbert Beate M
Soeter Marieke,Kindt Merel
Lindsey Kathryn Tierney,Rohan Kelly J,Roecklein Kathryn A,Mahon Jennifer N
Zeidan Mohamed A,Lebron-Milad Kelimer,Thompson-Hollands Johanna,Im Jamie J Y,Dougherty Darin D,Holt Daphne J,Orr Scott P,Milad Mohammed R
Dziobek Isabel,Preissler Sandra,Grozdanovic Zarko,Heuser Isabella,Heekeren Hauke R,Roepke Stefan
de Oliveira Danielle C G,Zuardi Antonio W,Graeff Frederico G,Queiroz Regina H C,Crippa José A S
McTeague Lisa M,Lang Peter J,Laplante Marie-Claude,Bradley Margaret M
Fortier Michelle A,Martin Sarah R,Chorney Jill MacLaren,Mayes Linda C,Kain Zeev N
Grupe Daniel W,Nitschke Jack B
Hubbard Catherine S,Ornitz Edward,Gaspar John X,Smith Suzanne,Amin Jenny,Labus Jennifer S,Kilpatrick Lisa A,Rhudy Jamie L,Mayer Emeran A,Naliboff Bruce D
Balteş Felicia Rodica,Avram Julia,Miclea Mircea,Miu Andrei C
Branković Saša
Pohlack Sebastian T,Nees Frauke,Liebscher Claudia,Cacciaglia Raffaele,Diener Slawomira J,Ridder Stephanie,Woermann Friedrich G,Flor Herta
Teper Rimma,Inzlicht Michael,Page-Gould Elizabeth
Smith Marissa,Hubbard Julie A,Laurenceau Jean-Philippe
Pappens Meike,Van den Bergh Omer,Vansteenwegen Debora,Van Diest Ilse
Dousty Mehdy,Daneshvar Sabalan,Haghjoo Majid
Dunsmoor Joseph E,White Allison J,LaBar Kevin S
Lueken Ulrike,Kruschwitz Johann Daniel,Muehlhan Markus,Siegert Jens,Hoyer Jürgen,Wittchen Hans-Ulrich
McDonald Skye,Rushby Jacqueline,Li Sophie,de Sousa Arielle,Dimoska Aneta,James Charlotte,Tate Robyn,Togher Leanne
Raes An K,De Houwer Jan,Verschuere Bruno,De Raedt Rudi
Meissner Karin,Wittmann Marc
Dunsmoor Joseph E,Prince Steven E,Murty Vishnu P,Kragel Philip A,LaBar Kevin S
Neumann Dawn Radice,Hammond Flora,Norton James,Blumenthal Terry
Lueken Ulrike,Hoyer Jürgen,Siegert Jens,Gloster Andrew T,Wittchen Hans-Ulrich
Krahé Barbara,Möller Ingrid,Berger Anja,Felber Juliane
Krahé Barbara,Möller Ingrid,Huesmann L Rowell,Kirwil Lucyna,Felber Juliane,Berger Anja
Dindo Lilian,Fowles Don
Mella N,Conty L,Pouthas V
Kuraoka Koji,Nakamura Katsuki
Alvarez Ruben P,Chen Gang,Bodurka Jerzy,Kaplan Raphael,Grillon Christian
Blanchette Isabelle,Leese Joanna
Vriends Noortje,Michael Tanja,Blechert Jens,Meyer Andrea H,Margraf Jürgen,Wilhelm Frank H
De Cesarei Andrea,Codispoti Maurizio
Schultz Douglas H,Helmstetter Fred J
Pace-Schott Edward F,Shepherd Elizabeth,Spencer Rebecca M C,Marcello Matthew,Tucker Matthew,Propper Ruth E,Stickgold Robert
Wise Kevin,Alhabash Saleem,Park Hyojung
Meissner Karin,Muth Eric R,Herbert Beate M
Spoormaker V I,Andrade K C,Schröter M S,Sturm A,Goya-Maldonado R,Sämann P G,Czisch M
Werner Natalie S,Peres Isabella,Duschek Stefan,Schandry Rainer
Schacht Annekathrin,Dimigen Olaf,Sommer Werner
Huff Nicole C,Zeilinski David J,Fecteau Matthew E,Brady Rachael,LaBar Kevin S
de Sousa Arielle,McDonald Skye,Rushby Jacqueline,Li Sophie,Dimoska Aneta,James Charlotte
Moscovitch David A,Suvak Michael K,Hofmann Stefan G
Adolph Dirk,Schlösser Sabine,Hawighorst Maren,Pause Bettina M
Dellacherie Delphine,Roy Mathieu,Hugueville Laurent,Peretz Isabelle,Samson Séverine
Balderston Nicholas L,Helmstetter Fred J
Vico Cynthia,Guerra Pedro,Robles Humbelina,Vila Jaime,Anllo-Vento Lourdes
Lang Peter J,Wangelin Bethany C,Bradley Margaret M,Versace Francesco,Davenport Paul W,Costa Vincent D
Cerqueira Carlos T,Almeida Jorge R C,Sato João R,Gorenstein Clarice,Gentil Valentim,Leite Claudia C,Amaro Edson,Busatto Geraldo F
Nissen Christoph,Holz Johannes,Blechert Jens,Feige Bernd,Riemann Dieter,Voderholzer Ulrich,Normann Claus
Burkhardt Susan C A,Wilhelm Frank H,Meuret Alicia E,Blechert Jens,Roth Walton T
Aue Tatjana,Cuny Caroline,Sander David,Grandjean Didier
Raczka K A,Gartmann N,Mechias M-L,Reif A,Büchel C,Deckert J,Kalisch R
Avram Julia,Balteş Felicia Rodica,Miclea Mircea,Miu Andrei C
Ledowski T,Paech M J,Browning R,Preuss J,Schug S A
Courtney Christopher G,Dawson Michael E,Schell Anne M,Iyer Arvind,Parsons Thomas D
Bach Dominik R,Daunizeau Jean,Friston Karl J,Dolan Raymond J
Byrne Michelle L,Sheeber Lisa,Simmons Julian G,Davis Betsy,Shortt Joann Wu,Katz Lynn Fainsilber,Allen Nicholas B
Ritz Thomas,Wilhelm Frank H,Meuret Alicia E,Gerlach Alexander L,Roth Walton T
Doberenz Sigrun,Roth Walton T,Wollburg Eileen,Breuninger Christoph,Kim Sunyoung
Coppens Evelien,van Paesschen Wim,Vandenbulcke Mathieu,Vansteenwegen Debora
Somerville Leah H,Whalen Paul J,Kelley William M
Wahlund Katarina,Sorman Karolina,Gavazzeni Joachim,Fischer Håkan,Kristiansson Marianne
Spoormaker V I,Sturm A,Andrade K C,Schröter M S,Goya-Maldonado R,Holsboer F,Wetter T C,Sämann P G,Czisch M
Courtet P,Guillaume S,Malafosse A,Jollant F
Rand K L,Otte J L,Flockhart D,Hayes D,Storniolo A M,Stearns V,Henry N L,Nguyen A,Lemler S,Hayden J,Jeter S,Carpenter J S
Fairchild Graeme,Stobbe Yvette,van Goozen Stephanie H M,Calder Andrew J,Goodyer Ian M
Hunter M S,Haqqani J R
D'Hondt Fabien,Lassonde Maryse,Collignon Olivier,Dubarry Anne-Sophie,Robert Manon,Rigoulot Simon,Honoré Jacques,Lepore Franco,Sequeira Henrique
Milad M R,Zeidan M A,Contero A,Pitman R K,Klibanski A,Rauch S L,Goldstein J M
Rougemont-Bücking Ansgar,Linnman Clas,Zeffiro Thomas A,Zeidan Mohamed A,Lebron-Milad Kelimer,Rodriguez-Romaguera Jose,Rauch Scott L,Pitman Roger K,Milad Mohammed R
Soeter Marieke,Kindt Merel
Giesbrecht Timo,Merckelbach Harald,van Oorsouw Kim,Simeon Daphne
Daltrozzo Jérôme,Wioland Norma,Mutschler Véronique,Lutun Philippe,Calon Bartholomeus,Meyer Alain,Jaeger Albert,Pottecher Thierry,Kotchoubey Boris
Reinhardt Isabelle,Jansen Andreas,Kellermann Thilo,Schüppen André,Kohn Nils,Gerlach Alexander L,Kircher Tilo
Erisman Shannon M,Roemer Lizabeth
Lonsdorf Tina B,Weike Almut I,Golkar Armita,Schalling Martin,Hamm Alfons O,Öhman Arne
Rhudy Jamie L,Davis Joanne L,Williams Amy E,McCabe Klanci M,Bartley Emily J,Byrd Patricia M,Pruiksma Kristi E
Suendermann Oliver,Ehlers Anke,Boellinghaus Inga,Gamer Matthias,Glucksman Edward
Gao Yu,Raine Adrian,Venables Peter H,Dawson Michael E,Mednick Sarnoff A
Valverde Miguel Rodríguez,Luciano Carmen,Barnes-Holmes Dermot
Freire Rafael C,De Carvalho Marcele R,Joffily Mateus,Zin Walter A,Nardi Antonio E
Lithari C,Frantzidis C A,Papadelis C,Vivas Ana B,Klados M A,Kourtidou-Papadeli C,Pappas C,Ioannides A A,Bamidis P D
Rhudy Jamie L,Bartley Emily J,Williams Amy E
Zhang Jianliang,Kalinowski Joseph,Saltuklaroglu Tim,Hudock Daniel
El-Sheikh Mona,Keiley Margaret,Hinnant J Benjamin
Scarpa Angela,Haden Sara Chiara,Tanaka Akiho
Kreibig Sylvia D,Gendolla Guido H E,Scherer Klaus R
Flaten Magne Arve
Bailey Steffani R,Goedeker Katherine C,Tiffany Stephen T
Huertas E,Ponce G,Koeneke M A,Poch C,España-Serrano L,Palomo T,Jiménez-Arriero M A,Hoenicka J
McTeague Lisa M,Lang Peter J,Laplante Marie-Claude,Cuthbert Bruce N,Shumen Joshua R,Bradley Margaret M
Mardaga S,Hansenne M
Delgado Mauricio R,Jou Rita L,Ledoux Joseph E,Phelps Elizabeth A
Ahs Fredrik,Frans Orjan,Tibblin Bodil,Kumlien Eva,Fredrikson Mats
Delgado Luis Carlos,Guerra Pedro,Perakakis Pandelis,Mata José Luís,Pérez María Nieves,Vila Jaime
Werner Natalie S,Duschek Stefan,Schandry Rainer
Iidaka Tetsuya,Saito Daisuke N,Komeda Hidetsugu,Mano Yoko,Kanayama Noriaki,Osumi Takahiro,Ozaki Norio,Sadato Norihiro
Civai Claudia,Corradi-Dell'Acqua Corrado,Gamer Matthias,Rumiati Raffaella I
López Raúl,Poy Rosario,Pastor M Carmen,Segarra Pilar,Moltó Javier
Vervliet Bram,Kindt Merel,Vansteenwegen Debora,Hermans Dirk
Milad Mohammed R,Pitman Roger K,Ellis Cameron B,Gold Andrea L,Shin Lisa M,Lasko Natasha B,Zeidan Mohamed A,Handwerger Kathryn,Orr Scott P,Rauch Scott L
Raes An K,De Raedt Rudi,Verschuere Bruno,De Houwer Jan
Balconi Michela,Brambilla Emma,Falbo Luciana
Bach Dominik R,Flandin Guillaume,Friston Karl J,Dolan Raymond J
Kuo Janice R,Linehan Marsha M
Merz Christian J,Tabbert Katharina,Schweckendiek Jan,Klucken Tim,Vaitl Dieter,Stark Rudolf,Wolf Oliver T
Grewe Oliver,Kopiez Reinhard,Altenmüller Eckart
Bartley Emily J,Rhudy Jamie L,Williams Amy E
Soussignan R,Jiang T,Rigaud D,Royet J P,Schaal B
Bach Dominik R,Neuhoff John G,Perrig Walter,Seifritz Erich
Elsesser Karin,Freyth Claudia,Lohrmann Thomas,Sartory Gudrun
Aikins Deane E,Johnson Douglas C,Borelli Jessica L,Klemanski David H,Morrissey Paul M,Benham Todd L,Southwick Steven M,Tolin David F
Vujanovic Anka A,Zvolensky Michael J
Svaldi Jennifer,Caffier Detlef,Blechert Jens,Tuschen-Caffier Brunna
Pineles Suzanne L,Orr Matthew R,Orr Scott P
Dunsmoor Joseph E,Mitroff Stephen R,LaBar Kevin S
Kéri Szabolcs,Seres Imola,Kelemen Oguz,Benedek György
Wetsch W A,Pircher I,Lederer W,Kinzl J F,Traweger C,Heinz-Erian P,Benzer A
Lovibond Peter F,Mitchell Christopher J,Minard Erin,Brady Alison,Menzies Ross G
Ebner-Priemer Ulrich W,Mauchnik Jana,Kleindienst Nikolaus,Schmahl Christian,Peper Martin,Rosenthal M Zachary,Flor Herta,Bohus Martin
Felmingham Kim L,Williams Leanne M,Kemp Andrew H,Rennie Chris,Gordon Evian,Bryant Richard A
Bailey Rachel,Wise Kevin,Bolls Paul
Karim Ahmed A,Schneider Markus,Lotze Martin,Veit Ralf,Sauseng Paul,Braun Christoph,Birbaumer Niels
Guillaume Sébastien,Jollant Fabrice,Jaussent Isabelle,Lawrence Natalia,Malafosse Alain,Courtet Philippe
Coppens Evelien,Spruyt Adriaan,Vandenbulcke Mathieu,Van Paesschen Wim,Vansteenwegen Debora
Cano-Vindel Antonio,Miguel-Tobal Juan José,González-Ordi Héctor,Iruarrizaga Iciar
Fusar-Poli P,Landi P,O'Connor C
Klumpers F,van Gerven J M,Prinssen E P M,Niklson I,Roesch F,Riedel W J,Kenemans J L,Baas J M P
Sokol-Hessner Peter,Hsu Ming,Curley Nina G,Delgado Mauricio R,Camerer Colin F,Phelps Elizabeth A
Ramachandra Vijayachandra,Depalma Nina,Lisiewski Sara
Robinson Jennifer L,Demaree Heath A
Lush Elizabeth,Salmon Paul,Floyd Andrea,Studts Jamie L,Weissbecker Inka,Sephton Sandra E
Buckner Julia D,Leen-Feldner Ellen W,Zvolensky Michael J,Schmidt Norman B
Gamer Matthias,Klimecki Olga,Bauermann Thomas,Stoeter Peter,Vossel Gerhard
Kelly Megan M,Forsyth John P
Pischek-Simpson Leah K,Boschen Mark J,Neumann David L,Waters Allison M
Pace-Schott Edward F,Milad Mohammed R,Orr Scott P,Rauch Scott L,Stickgold Robert,Pitman Roger K
Hubert B E,Wicker B,Monfardini E,Deruelle C
Thurston Rebecca C,Matthews Karen A,Hernandez Javier,De La Torre Fernando
Tollenaar Marieke S,Elzinga Bernet M,Spinhoven Philip,Everaerd Walter
Fusar-Poli Paolo,Crippa José A,Bhattacharyya Sagnik,Borgwardt Stefan J,Allen Paul,Martin-Santos Rocio,Seal Marc,Surguladze Simon A,O'Carrol Colin,Atakan Zerrin,Zuardi Antonio W,McGuire Philip K
Miu Andrei C,Heilman Renata M,Miclea Mircea
Wilkinson Daniel Z,France Christopher R
Plesa Skwerer D,Borum L,Verbalis A,Schofield C,Crawford N,Ciciolla L,Tager-Flusberg H
Schacht Annekathrin,Nigbur Roland,Sommer Werner
Petrovic Predrag,Kalisch Raffael,Pessiglione Mathias,Singer Tania,Dolan Raymond J
Williams Amy E,Rhudy Jamie L
Storm Hanne
McTeague Lisa M,Lang Peter J,Laplante Marie-Claude,Cuthbert Bruce N,Strauss Cyd C,Bradley Margaret M
Holt Daphne J,Lebron-Milad Kelimer,Milad Mohammed R,Rauch Scott L,Pitman Roger K,Orr Scott P,Cassidy Brittany S,Walsh Jared P,Goff Donald C
Joseph Robert M,Ehrman Kelly,McNally Rebecca,Keehn Brandon
Löw Andreas,Lang Peter J,Smith J Carson,Bradley Margaret M
Lovibond Peter F,Saunders J Clare,Weidemann Gabrielle,Mitchell Christopher J
Caldwell-Harris Catherine L,Ayçiçeği-Dinn Ayşe
Driscoll David,Tranel Daniel,Anderson Steven W
Thomas Laura A,LaBar Kevin S
Branković Sasa B
Johnsen Erica L,Tranel Daniel,Lutgendorf Susan,Adolphs Ralph
Denburg Natalie L,Jones Robert D,Tranel Daniel
Vianna Eduardo Paulo Morawski,Naqvi Nasir,Bechara Antoine,Tranel Daniel
Neumann David L,Waters Allison M,Westbury H Rae,Henry Julie
Ramachandran V S,Brang David
Kunz Miriam,Chatelle Camille,Lautenbacher Stefan,Rainville Pierre
McDonald Paula R,Slater Alan M,Longmore Christopher A
Hägni Karin,Eng Kynan,Hepp-Reymond Marie-Claude,Holper Lisa,Keisker Birgit,Siekierka Ewa,Kiper Daniel C
Roy Mathieu,Mailhot Jean-Philippe,Gosselin Nathalie,Paquette Sébastien,Peretz Isabelle
Melzig Christiane A,Michalowski Jaroslaw M,Holtz Katharina,Hamm Alfons O
Pole Nnamdi,Neylan Thomas C,Otte Christian,Henn-Hasse Clare,Metzler Thomas J,Marmar Charles R
Vandenbosch Katrien,Verschuere Bruno,Crombez Geert,De Clercq Armand
Reid Malcolm S,Flammino Frank,Howard Bryant,Nilsen Diana,Prichep Leslie S
Gamer Matthias,Verschuere Bruno,Crombez Geert,Vossel Gerhard
Mériau Katja,Wartenburger Isabell,Kazzer Philipp,Prehn Kristin,Villringer Arno,van der Meer Elke,Heekeren Hauke R
Sánchez-Navarro Juan Pedro,Martínez-Selva José María,Torrente Ginesa,Román Francisco
Pollatos Olga,Schubö Anna,Herbert Beate M,Matthias Ellen,Schandry Rainer
Sheppes Gal,Catran Erez,Meiran Nachshon
Koelsch Stefan,Kilches Simone,Steinbeis Nikolaus,Schelinski Stefanie
Court Helen,Greenland Katy,Margrain Tom H
Delgado Mauricio R,Gillis M Meredith,Phelps Elizabeth A
Fakra E,Khalfa S,Da Fonseca D,Besnier N,Delaveau P,Azorin J M,Blin O
Alvarez Ruben P,Biggs Arter,Chen Gang,Pine Daniel S,Grillon Christian
Loggia Marco L,Mogil Jeffrey S,Bushnell M Catherine
Wieser Matthias J,Pauli Paul,Alpers Georg W,Mühlberger Andreas
Keil Andreas,Smith J Carson,Wangelin Bethany C,Sabatinelli Dean,Bradley Margaret M,Lang Peter J
Weike Almut I,Schupp Harald T,Hamm Alfons O
Hoefer M,Allison S C,Schauer G F,Neuhaus J M,Hall J,Dang J N,Weiner M W,Miller B L,Rosen H J
Kalisch Raffael,Holt Beatrice,Petrovic Predrag,De Martino Benedetto,Klöppel Stefan,Büchel Christian,Dolan Raymond J
Gamer Matthias,Gödert Heinz Werner,Keth Alexander,Rill Hans-Georg,Vossel Gerhard
Codispoti Maurizio,Surcinelli Paola,Baldaro Bruno
Tramoni E,Khalfa S,Felician O,Trebuchon-Da Fonseca A,Poncet M,Ceccaldi M
Giesbrecht Timo,Merckelbach Harald,ter Burg Linda,Cima Maaike,Simeon Daphne
Hietanen Jari K,Leppänen Jukka M,Peltola Mikko J,Linna-Aho Kati,Ruuhiala Heidi J
Schulz Stefan M,Alpers Georg W,Hofmann Stefan G
Maville Janice A,Bowen Judith E,Benham Grant
Milad Mohammed R,Orr Scott P,Lasko Natasha B,Chang Yuchiao,Rauch Scott L,Pitman Roger K
DiPietro Janet A,Ghera Melissa M,Costigan Kathleen A
Rae Westbury H,Neumann David L
Bradley Margaret M,Miccoli Laura,Escrig Miguel A,Lang Peter J
Ravaja Niklas,Turpeinen Marko,Saari Timo,Puttonen Sampsa,Keltikangas-Järvinen Liisa
Nock Matthew K,Mendes Wendy Berry
Bartley Emily J,Rhudy Jamie L
Neumann David L,Longbottom Paula L
Miu Andrei C,Heilman Renata M,Houser Daniel
Neiss Michelle B,Leigland Lindsey A,Carlson Nichole E,Janowsky Jeri S
Baas J M P,van Ooijen L,Goudriaan A,Kenemans J L
Grewe Oliver,Nagel Frederik,Kopiez Reinhard,Altenmüller Eckart
Dawson Michael E,Rissling Anthony J,Schell Anne M,Wilcox Rand
Marci Carl D,Glick Debra M,Loh Rebecca,Dougherty Darin D
Wessa Michèle,Flor Herta
Dougher Michael J,Hamilton Derek A,Fink Brandi C,Harrington Jennifer
Djordjevic Jelena,Lundstrom Johan N,Clément Francis,Boyle Julie A,Pouliot Sandra,Jones-Gotman Marilyn
Scotti Stefano,Mauri Maurizio,Barbieri Riccardo,Jawad Bassam,Cerutti Sergio,Mainardi Luca,Brown Emery N,Villamira Marco A
Williams Amy E,Rhudy Jamie L
Loeber Sabine,Croissant Bernhard,Nakovics Helmut,Zimmer Anke,Georgi Alexander,Klein Sabine,Diener Carsten,Heinz Andreas,Mann Karl,Flor Herta
Hermans Erno J,Putman Peter,Baas Johanna M,Gecks Nynke M,Kenemans J Leon,van Honk Jack
Bradley Margaret M,Silakowski Tammy,Lang Peter J
Tsunoda Tomoya,Yoshino Aihide,Furusawa Teruyuki,Miyazaki Masaki,Takahashi Yoshitomo,Nomura Soichiro
Muñoz Luna C,Frick Paul J,Kimonis Eva R,Aucoin Katherine J
Marsh Penny,Beauchaine Theodore P,Williams Bailey
Fairchild Graeme,Van Goozen Stephanie H,Stollery Sarah J,Goodyer Ian M
Dolu Nazan
Milad Mohammed R,Quirk Gregory J,Pitman Roger K,Orr Scott P,Fischl Bruce,Rauch Scott L
Carmona Joseph E,Holland Alissa K,Stratton Harrison J,Harrison David W
Rhudy Jamie L,Williams Amy E,McCabe Klanci M,Russell Jennifer L,Maynard Lauren J
Robinson Jason D,Cinciripini Paul M,Carter Brain L,Lam Cho Y,Wetter David W
Hettema John M,Annas Peter,Neale Michael C,Fredrikson Mats,Kendler Kenneth S
Michael Tanja,Blechert Jens,Vriends Noortje,Margraf Jürgen,Wilhelm Frank H
Gilissen Renske,Bakermans-Kranenburg Marian J,van IJzendoorn Marinus H,van der Veer René
Dimberg Ulf,Thunberg Monika
Cheng Dominic T,Richards Jennifer,Helmstetter Fred J
Johnstone Tom,van Reekum Carien M,Bänziger Tanja,Hird Kathryn,Kirsner Kim,Scherer Klaus R
Elofsson Ulf O E,von Schèele Bo,Theorell Töres,Söndergaard Hans Peter
Tsai Pei-Shan,Chang Nen-Chung,Chang Wen-Yin,Lee Pi-Hsia,Wang Mei-Yeh
Norris Catherine J,Larsen Jeff T,Cacioppo John T
Codispoti Maurizio,De Cesarei Andrea
Hart Daniel,Eisenberg Nancy,Valiente Carlos
Kring Ann M,Sloan Denise M
Connelly Mark,Denney Douglas R
Williams Amy E,Rhudy Jamie L
Kut Elvan,Schaffner Nils,Wittwer Amrei,Candia Victor,Brockmann Meike,Storck Claudio,Folkers Gerd
Västfjäll Daniel,Gärling Tommy
Gomez Patrick,Danuser Brigitta
Sher Kenneth J,Bartholow Bruce D,Peuser Karl,Erickson Darin J,Wood Mark D
Pole Nnamdi,Neylan Thomas C,Otte Christian,Metzler Thomas J,Best Suzanne R,Henn-Haase Clare,Marmar Charles R
Lemche Erwin,Surguladze Simon A,Giampietro Vincent P,Anilkumar Ananthapadmanabha,Brammer Michael J,Sierra Mauricio,Chitnis Xavier,Williams Steven C R,Gasston David,Joraschky Peter,David Anthony S,Phillips Mary L
Ribeiro Rafaela Larsen,Teixeira-Silva Flávia,Pompéia Sabine,Bueno Orlando Francisco Amodeo
Najström Mats,Jansson Billy
Mitchell Rachel L C
Blechert Jens,Michael Tanja,Vriends Noortje,Margraf Jürgen,Wilhelm Frank H
Cornwell Brian R,Echiverri Aileen M,Grillon Christian
Alvarez Ruben P,Johnson Linda,Grillon Christian
Wallien Madeleine S C,van Goozen Stephanie H M,Cohen-Kettenis Peggy T
Williams Leanne M,Das Pritha,Liddell Belinda J,Olivieri Gloria,Peduto Anthony S,David Anthony S,Gordon Evian,Harris Anthony W F
Siepmann Martin,Heine Benjamin,Kluge Andreas,Ziemssen Tjalf,Mück-Weymann Michael,Kirch Wilhelm
Guntupalli Vijaya K,Everhart D Erik,Kalinowski Joseph,Nanjundeswaran Chayadevie,Saltuklaroglu Tim
Salters-Pedneault Kristalyn,Gentes Emily,Roemer Lizabeth
Fraguas Renerio,Marci Carl,Fava Maurizio,Iosifescu Dan V,Bankier Bettina,Loh Rebecca,Dougherty Darin D
Hempel Roelie J,Tulen Joke H M,van Beveren Nico J M,Mulder Paul G H,Hengeveld Michiel W
Sokhadze Estate M
Delgado M R,Labouliere C D,Phelps E A
Kalbe E,Grabenhorst F,Brand M,Kessler J,Hilker R,Markowitsch H J
Giesbrecht Timo,Geraerts Elke,Merckelbach Harald
Baumgartner Thomas,Willi Matthias,Jäncke Lutz
Caseras Xavier,Mataix-Cols David,An Suk Kyoon,Lawrence Natalia S,Speckens Anne,Giampietro Vincent,Brammer Michael J,Phillips Mary L
Brauer Marieke,ter Kuile Moniek M,Janssen Sabine A,Laan Ellen
Gilissen Renske,Koolstra Cees M,van Ijzendoorn Marinus H,Bakermans-Kranenburg Marian J,van der Veer René
Marci Carl D,Ham Jacob,Moran Erin,Orr Scott P
Gamer Matthias,Bauermann Thomas,Stoeter Peter,Vossel Gerhard
Leon E,Clarke G,Sepulveda F,Callaghan V
Vocks Silja,Legenbauer Tanja,Wächter Alexandra,Wucherer Maike,Kosfelder Joachim
Hinson John M,Whitney Paul,Holben Heather,Wirick Aaron K
Weike Almut I,Schupp Harald T,Hamm Alfons O
Milad Mohammed R,Wright Christopher I,Orr Scott P,Pitman Roger K,Quirk Gregory J,Rauch Scott L
Milad Mohammed R,Goldstein Jill M,Orr Scott P,Wedig Michelle M,Klibanski Anne,Pitman Roger K,Rauch Scott L
Cheng Dominic T,Knight David C,Smith Christine N,Helmstetter Fred J
Boschen Mark J,Parker Innes,Neumann David L
Allen Paul,Freeman Daniel,McGuire Philip
Hessl David,Rivera Susan,Koldewyn Kami,Cordeiro Lisa,Adams John,Tassone Flora,Hagerman Paul J,Hagerman Randi J
Sebastiani Laura,D'Alessandro Luigi,Menicucci Danilo,Ghelarducci Brunello,Santarcangelo Enrica L
Sibley Kathryn M,Carpenter Mark G,Perry Jennifer C,Frank James S
Eippert Falk,Veit Ralf,Weiskopf Nikolaus,Erb Michael,Birbaumer Niels,Anders Silke
Sánchez-Navarro Juan Pedro,Martínez-Selva José María,Román Francisco,Ginesa Torrente
Rhudy Jamie L,Dubbert Patricia M,Parker Jefferson D,Burke Randy S,Williams Amy E
Latzman Robert D,Knutson John F,Fowles Don C
Sierra Mauricio,Senior Carl,Phillips Mary L,David Anthony S
Brand Matthias,Grabenhorst Fabian,Starcke Katrin,Vandekerckhove Marie M P,Markowitsch Hans J
Flykt Anders,Esteves Francisco,Ohman Arne
Rhudy Jamie L,McCabe Klanci M,Williams Amy E
Vansteenwegen Debora,Vervliet Bram,Iberico Carlos,Baeyens Frank,Van den Bergh Omer,Hermans Dirk
Knight David C,Nguyen Hanh T,Bandettini Peter A
Bonnet Adeline,Naveteur Janick
Guastella Adam J,Lovibond Peter F,Dadds Mark R,Mitchell Philip,Richardson Rick
Nielsen Lisbeth,Kaszniak Alfred W
Lanteaume Laura,Khalfa Stéphanie,Régis Jean,Marquis Patrick,Chauvel Patrick,Bartolomei Fabrice
Mühlberger Andreas,Wiedemann Georg,Herrmann Martin J,Pauli Paul
Popma Arne,Jansen Lucres M C,Vermeiren Robert,Steiner Hans,Raine Adrian,Van Goozen Stephanie H M,van Engeland Herman,Doreleijers Theo A H
Wilhelm Frank H,Pfaltz Monique C,Grossman Paul,Roth Walton T
Casada J H,Roache J D
Heuberger Eva,Hongratanaworakit Tapanee,Buchbauer Gerhard
Smith J Carson,Löw Andreas,Bradley Margaret M,Lang Peter J
Paul Lynn K,Lautzenhiser Aaron,Brown Warren S,Hart Arch,Neumann Dirk,Spezio Michael,Adolphs Ralph
Brignell Catherine M,Curran H Valerie
Marci Carl D,Orr Scott P
Lundgren Jesper,Carlsson Sven G,Berggren Ulf
Elaad Eitan,Ben-Shakhar Gershon
Thurston Rebecca C,Blumenthal James A,Babyak Michael A,Sherwood Andrew
Williams Leanne M,Sidis Anna,Gordon Evian,Meares Russell A
Tabbert Katharina,Stark Rudolf,Kirsch Peter,Vaitl Dieter
Britton Jennifer C,Taylor Stephan F,Berridge Kent C,Mikels Joseph A,Liberzon I
Bernat Edward,Patrick Christopher J,Benning Stephen D,Tellegen Auke
von Leupoldt Andreas,Hartle-Bremerich Bettina,Dahme Bernhard
Hofmann Stefan G
Ben Shalom D,Mostofsky S H,Hazlett R L,Goldberg M C,Landa R J,Faran Y,McLeod D R,Hoehn-Saric R
Kemp Andrew H,Hopkinson Patrick J,Stephan Blossom C M,Clark C Richard,Gordon Evian,Bryant Richard A,Williams Leanne M
Del Seppia Cristina,Mezzasalma Lorena,Messerotti Mauro,Cordelli Alessandro,Ghione Sergio
Nesic J,Duka T
Barrett Jennifer,Armony Jorge L
Najström Mats,Jansson Billy
van 't Wout Mascha,Kahn René S,Sanfey Alan G,Aleman André
Vansteenwegen Debora,Francken Geert,Vervliet Bram,De Clercq Armand,Eelen Paul
Ooteman Wendy,Koeter Maarten W J,Vserheul Roel,Schippers Gerard M,van den Brink Wim
Buchanan Tony W,Etzel Joset A,Adolphs Ralph,Tranel Daniel
Denburg Natalie L,Recknor Emily C,Bechara Antoine,Tranel Daniel
Naqvi Nasir H,Bechara Antoine
Vianna E P M,Tranel D
Zullino Daniele F,Krenz Sonia,Frésard Emmanuelle,Cancela Enrico,Khazaal Yasser
Marci Carl,Riess Helen
Hofmann Stefan G,Moscovitch David A,Litz Brett T,Kim Hyo-Jin,Davis Lissa L,Pizzagalli Diego A
Lissek Shmuel,Baas Johanna M P,Pine Daniel S,Orme Kaebah,Dvir Sharone,Rosenberger Emily,Grillon Christian
Benning Stephen D,Patrick Christopher J,Iacono William G
Weike Almut I,Hamm Alfons O,Schupp Harald T,Runge Uwe,Schroeder Henry W S,Kessler Christof
Campbell-Sills Laura,Barlow David H,Brown Timothy A,Hofmann Stefan G
Hofmann Stefan G,Moscovitch David A,Kim Hyo-Jin
Williams Leanne M,Liddell Belinda J,Kemp Andrew H,Bryant Richard A,Meares Russell A,Peduto Anthony S,Gordon Evian
Ohira Hideki,Nomura Michio,Ichikawa Naho,Isowa Tokiko,Iidaka Tetsuya,Sato Atsushi,Fukuyama Seisuke,Nakajima Toshihiko,Yamada Jitsuhiro
Sarlo Michela,Palomba Daniela,Buodo Giulia,Minghetti Rita,Stegagno Luciano
El-Sheikh Mona
Jackson Eric D,Payne Jessica D,Nadel Lynn,Jacobs W Jake
Dunn Barnaby D,Dalgleish Tim,Lawrence Andrew D
Simeonov Peter I,Hsiao Hongwei,Dotson Brian W,Ammons Douglas E
Poma Stefano Zanone,Milleri Stefano,Squassante Lisa,Nucci Gianluca,Bani Massimo,Perini Giulia I,Merlo-Pich Emilio
Martin-Soelch Chantal,Stöcklin Markus,Dammann Gerhard,Opwis Klaus,Seifritz Erich
May Edwin C,Paulinyi Tamás,Vassy Zoltán
Radin Dean
Babcock Julia C,Green Charles E,Webb Sarah A,Yerington Timothy P
Jezova Daniela,Makatsori Aikaterini,Smriga Miro,Morinaga Yasushi,Duncko Roman
Michel Konrad,Dey Pascal,Stadler Kathrin,Valach Ladislav
Williams Leanne M,Barton Matthew J,Kemp Andrew H,Liddell Belinda J,Peduto Anthony,Gordon Evian,Bryant Richard A
Brown Lisa M,Bradley Margaret M,Lang Peter J
Soussignan Robert,Ehrlé Nathalie,Henry Audrey,Schaal Benoist,Bakchine Serge
Kemp Andrew H,Stephan Blossom C M,Hopkinson Patrick,Sumich Alexander L,Paul Robert H,Clark C Richard,Gordon Evian,Bryant Richard A,Williams Leanne M
Milad Mohammed R,Quinn Brian T,Pitman Roger K,Orr Scott P,Fischl Bruce,Rauch Scott L
Milad Mohammed R,Orr Scott P,Pitman Roger K,Rauch Scott L
LaBar Kevin S,Phelps Elizabeth A
Bremner J Douglas,Vermetten Eric,Schmahl Christian,Vaccarino Viola,Vythilingam Meena,Afzal Nadeem,Grillon Christian,Charney Dennis S
Birbaumer Niels,Veit Ralf,Lotze Martin,Erb Michael,Hermann Christiane,Grodd Wolfgang,Flor Herta
Baumgartner Thomas,Esslen Michaela,Jäncke Lutz
Hempel Roelie J,Tulen Joke H M,van Beveren Nico J M,van Steenis Hugo G,Mulder Paul G H,Hengeveld Michiel W
Scaife J C,Langley R W,Bradshaw C M,Szabadi E
Burbridge Jennifer A,Larsen Randy J,Barch Deanna M
Fairclough Stephen H,Venables Louise
Demaree Heath A,Schmeichel Brandon J,Robinson Jennifer L,Pu Jie,Everhart D Erik,Berntson Gary G
Parente Alexandre C B V,Garcia-Leal Cybele,Del-Ben Cristina M,Guimarães Francisco S,Graeff Frederico G
Knight David C,Nguyen Hanh T,Bandettini Peter A
Naccache Lionel,Dehaene Stanislas,Cohen Laurent,Habert Marie-Odile,Guichart-Gomez Elodie,Galanaud Damien,Willer Jean-Claude
Skuse D H,Morris J S,Dolan R J
Tabbert Katharina,Stark Rudolf,Kirsch Peter,Vaitl Dieter
Hamm Alfons O,Weike Almut I
Hot Pascal,Leconte Pierre,Sequeira Henrique
Graham S J,Scaife J C,Langley R W,Bradshaw C M,Szabadi E,Xi L,Crumley T,Calder N,Gottesdiener K,Wagner J A
Naveteur Janick,Buisine Stephanie,Gruzelier John H
DiPietro Janet A,Costigan Kathleen A,Gurewitsch Edith D
Sánchez-Navarro J P,Martínez-Selva J M,Román F
Fishbein Diana,Hyde Chris,Eldreth Diana,London Edythe D,Matochik John,Ernst Monique,Isenberg Nancy,Steckley Stacey,Schech Barry,Kimes Alane
McGuire Kimberly M Beckwith,Greenberg Melanie A,Gevirtz Richard
Vervliet Bram,Vansteenwegen Debora,Baeyens Frank,Hermans Dirk,Eelen Paul
Thurston Rebecca C,Blumenthal James A,Babyak Michael A,Sherwood Andrew
Aftanas L I,Savotina L N,Makhnev V P,Reva N V
Auman Corinne,Bosworth Hayden B,Hess Thomas M
Bowman Caroline H,Evans Cathryn E Y,Turnbull Oliver H
Gomez Patrick,Zimmermann Philippe,Guttormsen-Schär Sissel,Danuser Brigitta
Williams Leanne M,Das Pritha,Liddell Belinda,Olivieri Gloria,Peduto Anthony,Brammer Michael J,Gordon Evian
Yoshino Aihide,Kimura Yoshie,Yoshida Takeshi,Takahashi Yoshitomo,Nomura Soichiro
Jezova Daniela,Makatsori Aikaterini,Duncko Roman,Moncek Fedor,Jakubek Martin
Olsson Andreas,Phelps Elizabeth A
Jayaram-Lindström Nitya,Wennberg Peter,Hurd Yasmin L,Franck Johan
Ressler Kerry J,Rothbaum Barbara O,Tannenbaum Libby,Anderson Page,Graap Ken,Zimand Elana,Hodges Larry,Davis Michael
Hajcak Greg,McDonald Nicole,Simons Robert F
Rhudy Jamie L,Grimes Jeffrey S,Meagher Mary W
Snoek Heddeke,Van Goozen Stephanie H M,Matthys Walter,Buitelaar Jan K,van Engeland Herman
Bywaters Michael,Andrade Jackie,Turpin Graham
Klein T,Schonecke O,Wollny H,König J,Fries R
Castaneda Jay O,Segerstrom Suzanne C
Vervliet Bram,Vansteenwegen Debora,Eelen Paul
Anders Silke,Lotze Martin,Erb Michael,Grodd Wolfgang,Birbaumer Niels
Heitmann Ragnhild Rekve,Asbjørnsen Arve,Helland Turid
Campenni C Estelle,Crawley Edward J,Meier Michael E
Amrhein Christine,Mühlberger Andreas,Pauli Paul,Wiedemann Georg
Kimura Yoshie,Yoshino Aihide,Takahashi Yoshitomo,Nomura Soichiro
Williams Leanne M,Brown Kerri J,Das Pritha,Boucsein Wolfram,Sokolov Evgeni N,Brammer Michael J,Olivieri Gloria,Peduto Anthony,Gordon Evian
Louie Stephanie Wai-Shan
Gomez Patrick,Stahel Werner A,Danuser Brigitta
Croft Rodney J,Gonsalvez Craig J,Gander Joanne,Lechem Lisa,Barry Robert J
Heuberger Eva,Redhammer Sandra,Buchbauer Gerhard
Silvert Laetitia,Delplanque Sylvain,Bouwalerh Hammou,Verpoort Charlotte,Sequeira Henrique
Gomez Patrick,Danuser Brigitta
McNally Richard J,Lasko Natasha B,Clancy Susan A,Macklin Michael L,Pitman Roger K,Orr Scott P
Dipietro Janet A,Irizarry Rafael A,Costigan Kathleen A,Gurewitsch Edith D
Smriga Miro,Ghosh Shibani,Mouneimne Youssef,Pellett Peter L,Scrimshaw Nevin S
Lundgren Jesper,Berggren Ulf,Carlsson Sven G
Fontani Giuliano,Lodi Leda,Felici Andrea,Corradeschi Fausto,Lupo Concetta
Spira Adam P,Zvolensky Michael J,Eifert Georg H,Feldner Matthew T
van Goozen Stephanie H M,Snoek Heddeke,Matthys Walter,van Rossum Inge,van Engeland Herman
Vrana Scott R,Gross Daniel
Grillon Christian,Cordova Jeremy,Morgan Charles Andrew,Charney Dennis S,Davis Michael
Fioravanti M,Polzonetti C M,Nocca D,Spera G,Falcone S,Lazzari R,Colosimo A
Williams Leanne M,Das Pritha,Harris Anthony W F,Liddell Belinda B,Brammer Michael J,Olivieri Gloria,Skerrett David,Phillips Mary L,David Anthony S,Peduto Anthony,Gordon Evian
Verona Edelyn,Patrick Christopher J,Curtin John J,Bradley Margaret M,Lang Peter J
Elaad Eitan
Williams Leanne M,Liddell Belinda J,Rathjen Jennifer,Brown Kerri J,Gray Jeffrey,Phillips Mary,Young Andy,Gordon Evian
van Vliet Marjolein J,Grypdonck Mieke,van Zuuren Florence J,Winnubst Jacques,Kruitwagen Cas
Knight David C,Cheng Dominic T,Smith Christine N,Stein Elliot A,Helmstetter Fred J
Christie Israel C,Friedman Bruce H
Frazier Thomas W,Strauss Milton E,Steinhauer Stuart R
Tsao Jennie C I,Craske Michelle G
Knight David C,Nguyen Hanh T,Bandettini Peter A
Liew Jeffrey,Eisenberg Nancy,Losoya Sandra H,Fabes Richard A,Guthrie Ivanna K,Murphy Bridget C
Gläscher Jan,Adolphs Ralph
Lawler Kathleen A,Younger Jarred W,Piferi Rachel L,Billington Eric,Jobe Rebecca,Edmondson Kim,Jones Warren H
Pole Nnamdi,Neylan Thomas C,Best Suzanne R,Orr Scott P,Marmar Charles R
DiPietro Janet A,Costigan Kathleen A,Gurewitsch Edith D
Thompson R,Gupta S,Miller K,Mills S,Orr S
Gray M,Kemp A H,Silberstein R B,Nathan P J
Masaoka Yuri,Hirasawa Kenichi,Yamane Fumitaka,Hori Tomokatsu,Homma Ikuo
Rhudy Jamie L,Meagher Mary W
Tucci Valter,Stegagno Luciano,Vandi Stefano,Ferrillo Franco,Palomba Daniela,Vignatelli Luca,Ferini-Strambi Luigi,Montagna Pasquale,Plazzi Giuseppe
Bradley M M,Codispoti M,Cuthbert B N,Lang P J
Caprara H John,Eleazer Paul D,Barfield Robert D,Chavers Scott
Zvolensky M J,Eifert G H,Lejuez C W
Gendolla G H,Abele A E,Krüsken J
Wrase Jana,Klein Sabine,Gruesser Sabine M,Hermann Derik,Flor Herta,Mann Karl,Braus Dieter F,Heinz Andreas
Grillon Christian,Hill Jeffrey
Hettema John M,Annas Peter,Neale Michael C,Kendler Kenneth S,Fredrikson Mats
Margrain Tom H,Greenland Katy,Anderson Jane
Engelhard Iris M,Merckelbach Harald,van den Hout Marcel A
Annoni Jean-Marie,Ptak Radek,Caldara-Schnetzer Anne-Sarah,Khateb Asaid,Pollermann Branka Zei
Graeff F G,Parente A,Del-Ben C M,Guimarães F S
Hariri Ahmad R,Mattay Venkata S,Tessitore Alessandro,Fera Francesco,Weinberger Daniel R
Gerlach Alexander L,Wilhelm Frank H,Roth Walton T
Suzuki Shin-ichi,Kumano Hiroaki,Sakano Yuji
Wolf Daniel L,Desjardins Paul J,Black Peter M,Francom Steven R,Mohanlal Ramon W,Fleishaker Joseph C
Campos Alfredo,Marcos José Luís,González María Angeles
Kain Zeev N,Caldwell-Andrews Alison A,Mayes Linda C,Wang Shu-Ming,Krivutza Dawn M,LoDolce Megan E
Bensafi M,Rouby C,Farget V,Bertrand B,Vigouroux M,Holley A
Hariri Ahmad R,Tessitore Alessandro,Mattay Venkata S,Fera Francesco,Weinberger Daniel R
Stone A,Valentine T,Davis R
Tranel Daniel,Bechara Antoine,Denburg Natalie L
Johnsen Bjørn Helge,Thayer Julian F,Laberg Jon C,Wormnes Bjørn,Raadal Magne,Skaret Erik,Kvale Gerd,Berg Einar
Decety Jean,Chaminade Thierry
Sobrinho L G,Simões M,Barbosa L,Raposo J F,Pratas S,Fernandes P L,Santos M A
Bond Alyson J,Wingrove Janet,Baylis Maxine,Dalton Jeff
Wrase J,Grüsser S M,Klein S,Diener C,Hermann D,Flor H,Mann K,Braus D F,Heinz A
Bensafi M,Rouby C,Farget V,Bertrand B,Vigouroux M,Holley A
Ritz Thomas,Thöns Miriam
Sandin Bonifacio,Chorot Paloma
Lee Gregory P,Meador Kimford J,Loring David W,Bradley Kathy P
Ritz Thomas,Alatupa Saija,Thöns Miriam,Dahme Bernhard
Sierra Mauricio,Senior Carl,Dalton Jeffrey,McDonough Michael,Bond Alison,Phillips Mary L,O'Dwyer Anne M,David Anthony S
Keysor Cynthia S,Mazzocco Michéle M M,McLeod Daniel R,Hoehn-Saric Rudolf
Hubbard Julie A,Smithmyer Catherine M,Ramsden Sally R,Parker Elizabeth H,Flanagan Kelly D,Dearing Karen F,Relyea Nicole,Simons Robert F
Khalfa Stéphanie,Isabelle Peretz,Jean-Pierre Blondin,Manon Robert
Gonzalez-Bono Esperanza,Moya-Albiol Luis,Salvador Alicia,Carrillo Eduvigis,Ricarte Jorge,Gomez-Amor Jesus
Dixon M J,King S,Stip E,Cormier H
Grillon Christian
Wakabayashi Akio
Lo Andrew W,Repin Dmitry V
Critchley Hugo D
Hamann Stephan,Monarch Elena S,Goldstein Felicia C
Sigmon S T,Dorhofer D M,Rohan K J,Boulard N E
Aftanas Ljubomir I,Varlamov Anton A,Pavlov Sergey V,Makhnev Viktor P,Reva Natalya V
Bensafi M,Rouby C,Farget V,Bertrand B,Vigouroux M,Holley A
Houtveen J H,Rietveld S,Schoutrop M,Spiering M,Brosschot J F
Carrillo E,Moya-Albiol L,González-Bono E,Salvador A,Ricarte J,Gómez-Amor J
Graeff F G,Silva M,Del Ben C M,Zuardi A W,Hetem L A,Guimarães F S
Maschke M,Schugens M,Kindsvater K,Drepper J,Kolb F P,Diener H-C,Daum I,Timmann D
Dorhofer Diana M,Sigmon Sandra T
Del-Ben C M,Vilela J A,Hetem L A,Guimarães F S,Graeff F G,Zuardi A W
Wilhelm F H,Kochar A S,Roth W T,Gross J J
Williams L M,Phillips M L,Brammer M J,Skerrett D,Lagopoulos J,Rennie C,Bahramali H,Olivieri G,David A S,Peduto A,Gordon E
Finn P R,Justus A N,Mazas C,Rorick L,Steinmetz J E
Grillon C,Ameli R
Jacob S,Hayreh D J,McClintock M K
Mühlberger A,Herrmann M J,Wiedemann G C,Ellgring H,Pauli P
Carter B L,Tiffany S T
Silva M,Hetem L A,Guimarães F S,Graeff F G
Wilhelm F H,Gerlach A L,Roth W T
Lundgren J,Berggren U,Carlsson S G
Olafsdottir E,Ellertsen B,Berstad A,Fluge G
Gendolla G H,Krüsken J
Codispoti M,Bradley M M,Lang P J
McManis M H,Bradley M M,Berg W K,Cuthbert B N,Lang P J
Garpenstrand H,Annas P,Ekblom J,Oreland L,Fredrikson M
vanOyen Witvliet C,Ludwig T E,Vander Laan K L
Linzmayer L,Semlitsch H V,Saletu B,Böck G,Saletu-Zyhlarz G,Zoghlami A,Gruber D,Metka M,Huber J,Oettel M,Gräser T,Grünberger J
Stevens P
Heuberger E,Hongratanaworakit T,Böhm C,Weber R,Buchbauer G
Hosoba T,Iwanaga M,Seiwa H
Phelps E A,O'Connor K J,Gatenby J C,Gore J C,Grillon C,Davis M
Gehricke J G,Shapiro D
Tremayne P,Barry R J
Foster P S,Webster D G
Meagher M W,Arnau R C,Rhudy J L
Herpertz S C,Schwenger U B,Kunert H J,Lukas G,Gretzer U,Nutzmann J,Schuerkens A,Sass H
Moya-Albiol L,Salvador A,Costa R,Martínez-Sanchis S,González-Bono E,Ricarte J,Arnedo M
van Goozen S H,Matthys W,Cohen-Kettenis P T,Buitelaar J K,van Engeland H
Liberzon I,Taylor S F,Fig L M,Decker L R,Koeppe R A,Minoshima S
Markus R,Panhuysen G,Tuiten A,Koppeschaar H
Lovibond P F,Davis N R,O'Flaherty A S
Silva F T,Leite J R
Morley D S
Sigmon S T,Dorhofer D M,Rohan K J,Hotovy L A,Boulard N E,Fink C M
Taylor S F,Liberzon I,Koeppe R A
van den Hout M A,De Jong P,Kindt M
Hermann C,Ziegler S,Birbaumer N,Flor H
Ritz T,Steptoe A,DeWilde S,Costa M
Quinlan P T,Lane J,Moore K L,Aspen J,Rycroft J A,O'Brien D C
Markus C R,Olivier B,Panhuysen G E,Van Der Gugten J,Alles M S,Tuiten A,Westenberg H G,Fekkes D,Koppeschaar H F,de Haan E E
Nassau J H,Fritz G K,McQuaid E L
Palomba D,Sarlo M,Angrilli A,Mini A,Stegagno L
Campos A,Marcos J L,González M A
Rodgers R J,Haller J,Holmes A,Halasz J,Walton T J,Brain P F
McGlynn F D,Moore P M,Lawyer S,Karg R
Rhudy J L,Meagher M W
Zahn T P,Grafman J,Tranel D
Herpertz S C,Kunert H J,Schwenger U B,Sass H
Angrilli A,Palomba D,Cantagallo A,Maietti A,Stegagno L
Beck J G,Shipherd J C,Read J
Campos A,Marcos J L,González M A
Slomine B,Bowers D,Heilman K M
Simons R F,Detenber B H,Roedema T M,Reiss J E
Turpin G,Schaefer F,Boucsein W
Saban S,Hugdahl K
Bechara A,Damasio H,Damasio A R,Lee G P
Segerstrom S C,Glover D A,Craske M G,Fahey J L
Roedema T M,Simons R F
Chua P,Krams M,Toni I,Passingham R,Dolan R
Köhler T,Wilke W
Roth W T,Wilhelm F H,Trabert W
Vansteenwegen D,Crombez G,Baeyens F,Eelen P
Casada J H,Amdur R,Larsen R,Liberzon I
Süer C,Dolu N,Ozesmi C,Sahin O,Ulgen A
Roth W T,Wilhelm F H,Trabert W
Janssen S A,Arntz A,Bouts S
Markus C R,Panhuysen G,Tuiten A,Koppeschaar H,Fekkes D,Peters M L
Krumhansl C L
Duka T,Stephens D N,Russell C,Tasker R
McCracken L M,Goetsch V L,Semenchuk E M
Reid M S,Mickalian J D,Delucchi K L,Hall S M,Berger S P
Kring A M,Gordon A H
Ohman A,Soares J J
Eckman P S,Shean G D
Kumano H,Horie H,Kuboki T,Suematsu H,Sato H,Yasushi M,Kamei T,Masumura S
Barger S D,Kircher J C,Croyle R T
Quinlan P,Lane J,Aspinall L
Renaud P,Blondin J P
Wilhelm F H,Roth W T
Angrilli A,Cherubini P,Pavese A,Mantredini S
Muris P,Merckelbach H,Van Haaften H,Mayer B
Lipp O V,Siddle D A,Dall P J
Emanuele S,Dale J A,Klions H L
Collet C,Vernet-Maury E,Delhomme G,Dittmar A
Guimarães F S,Mbaya P S,Deakin J F
Bradley M M,Cuthbert B N,Lang P J
Cole P M,Zahn-Waxler C,Fox N A,Usher B A,Welsh J D
Wickramasekera I,Pope A T,Kolm P
Hetem L A,de Souza C J,Guimarães E S,Zuardi A W,Graeff F G
Cepeda-Benito A,Tiffany S T
Stormark K M,Hugdahl K
Janssen S A,Arntz A
Mazurski E J,Bond N W,Siddle D A,Lovibond P F
de Jong P J,Muris P,Merckelbach H
Waldorf V A,Smith J E
Graeff F G,Guimarães F S,De Andrade T G,Deakin J F
Kring A M,Neale J M
Davidson R A,Smith B D,Tammy T R,Fedio P
Laan E,Everaerd W,Evers A
Witvliet C V,Vrana S R
Vrana S R
Wegner D M,Gold D B
Mino Y,Tsuda T,Shigemi J,Tanihara S,Aoyama H,Babazono A
McGlynn F D,Moore P M,Rose M P,Lazarte A
Mini A,Rau H,Montoya P,Palomba D,Birbaumer N
Brauchli P,Michel C M,Zeier H
Diamond D,Matchett G,Davey G C
Conesa J
Kugelmass S,Faber N,Ingraham L J,Frenkel E,Nathan M,Mirsky A F,Ben Shakhar G
el-Sheikh M
Hughes C F,Uhlmann C,Pennebaker J W
Casanova G M,Domanic J,McCanne T R,Milner J S
McGlynn F D,Rose M P,Lazarte A
Balaban M T,Taussig H N
Fiorito E R,Simons R F
Geddes S M,Gray W M,Asbury A J
Benjamins C,Schuurs A H,Hoogstraten J
Esteves F,Parra C,Dimberg U,Ohman A
Meadows M E,Kaplan R F
el-Sheikh M,Ballard M,Cummings E M
de Jong M,Erdman R A,van den Brand M J,Verhage F,Passchier J
Ohman A,Soares J J
Kinnunen T,Zamansky H S,Block M L
Arntz A,Dreessen L,De Jong P
Gadbury-Amyot C C,Williams K B,Overman P R,Glaros A
Lachnit H,Wolter J
Wong P S,Shevrin H,Williams W J
Chorot P,Sandín B
Geddes S M,Gray W M,Millar K,Asbury A J
Soares J J,Ohman A
Hamm A O,Greenwald M K,Bradley M M,Lang P J
Arntz A,de Jong P
Vrana S R
Lang P J,Greenwald M K,Bradley M M,Hamm A O
Shalev A Y,Orr S P,Pitman R K
Hamm A O,Stark R
Assor A,Aldor R
Quermonne M A,Nammathao B,Louchahi-Raoul J,Marcy R
Ohman A,Soares J J
Landon J F,Sher K J,Shah J H
Lovibond P F
Fitzgibbons L,Simons R F
Steptoe A,Vögele C
Vögele C,Steptoe A
Bugental D B,Blue J,Cortez V,Fleck K,Rodriguez A
Clark B M,Siddle D A,Bond N W
Ohlund L S,Hultman C M
Shearn D,Bergman E,Hill K,Abel A,Hinds L
Vera M N,Vila J,Godoy J F
Hess U,Kappas A,McHugo G J,Lanzetta J T,Kleck R E
Hibbs E D,Zahn T P,Hamburger S D,Kruesi M M,Rapoport J L
Brownlee S,Leventhal H,Balaban M
Glautier S,Drummond D C,Remington B
Chorot P,Sandin B,Fernandez-Trespalacios J L
Eisenberg N,Fabes R A,Schaller M,Carlo G,Miller P A
Eisenberg N,Fabes R A,Schaller M,Miller P,Carlo G,Poulin R,Shea C,Shell R
Hubert W,de Jong-Meyer R
De Pascalis V,Palumbo G,Ronchitelli V
Hubert W,de Jong-Meyer R
Moret V,Forster A,Laverrière M C,Lambert H,Gaillard R C,Bourgeois P,Haynal A,Gemperle M,Buchser E
Furedy J J,Ben-Shakhar G
Schell A M,Dawson M E,Marinkovic K
Hugdahl K,Johnsen B H
Russell C,Davey G C
Arntz A,Dreessen L,Merckelbach H
Hoehn-Saric R,McLeod D R,Zimmerli W D
Carlsson S G,Erlandsson S I
Nikula R
Guimarães F S,Hellewell J,Hensman R,Wang M,Deakin J F
Ashcroft K R,Guimarães F S,Wang M,Deakin J F
Beck J G,Berisford M A,Taegtmeyer H
Arntz A,van den Hout M A,van den Berg G,Meijboom A
Merckelbach H,van den Hout M A
Bradley M M,Cuthbert B N,Lang P J
Merckelbach H,van Hout W,de Jong P,van den Hout M A
Levenson R W,Ekman P,Friesen W V
Roth W T,Ehlers A,Taylor C B,Margraf J,Agras W S
Passchier J,Goudswaard P,Orlebeke J F,Verhage F
Wegner D M,Shortt J W,Blake A W,Page M S
Hakeberg M,Berggren U,Carlsson S G
Johnston D W,Anastasiades P,Wood C
Dimberg U
Richards M,Martin I
Stemmler G
Wilkinson G M,Lovibond P F,Siddle D A,Bond N
Niaura R,Abrams D,Demuth B,Pinto R,Monti P
Merckelbach H,van Hout W,van den Hout M A,Mersch P P
Hugdahl K,Johnsen B H
Albus M,Zellner A,Bondy B,Müller-Spahn F,Engel R,Ackenheil M
Jensen H H,Hutchings B,Poulsen J C
van der Molen G M,van den Hout M A,Merckelbach H,van Dieren A C,Griez E
Kuipers L,Bebbington P
Ohman A
van der Molen G M,Merckelbach H,van den Hout M A
Tarrier N,Barrowclough C,Porceddu K,Watts S
Roth W T,Telch M J,Taylor C B,Agras W S
Passchier J,Goudswaard P,Orlebeke J F,Verhage F
Dimberg U
Saletu B,Grünberger J,Linzmayer L,Anderer P
Dimberg U,Fredrikson M,Lundquist O
Dimberg U
Roth W T,Telch M J,Taylor C B,Sachitano J A,Gallen C C,Kopell M L,McClenahan K L,Agras W S,Pfefferbaum A
Gilbert C
Bruce M,Scott N,Lader M,Marks V
Bond A,Lader M
Meyers M,Smith B D
Kimmel H D,Gardner K A
Vögele C,Steptoe A
Pennebaker J W,Chew C H
Vaitl D,Gruppe H,Kimmel H D
Eifert G H,Schermelleh K
Glucksman M L,Quinlan D M,Leigh H
Ketterer M W,Smith B D
Spence N D,Pilowsky I,Minniti R
Graeff F G,Zuardi A W,Giglio J S,Lima Filho E C,Karniol I G
Marcy R,Quermonne M A,Raoul J,Nammathao B,Smida A
Rapoport J L,Berg C J,Ismond D R,Zahn T P,Neims A
Tarrier N,Barrowclough C
Sturgeon D,Turpin G,Kuipers L,Berkowitz R,Leff J
Freedman R R,Ianni P,Ettedgui E,Pohl R,Rainey J M
Bauer R M
Levenson R W,Gottman J M
Schilling D J,Poppen R
West G A,Reid K H,Bastawi A E
Delamater A M,Lahey B B
Calloway P,Fonagy P,Wakeling A
Lader M
Taylor C B,Kenigsberg M L,Robinson J M
Teghtsoonian R,Frost R O
Hugdahl K,Wahlgren C,Wass T
Zoccolotti P,Scabini D,Violani C
McKinney M E,Gatchel R J
Sutker P B,Allain A N,Brantley P J,Randall C L
Hinton J W
Ashton H,Golding J,Marsh V R,Millman J E,Thompson J W
Charry J M,Hawkinshire F B
Aitken R C,Lister J A,Main C J
Barabasz A F,Barabasz M
Kimmel H D,Budrionis M M
Boulougouris J C,Rabavilas A D,Stefanis C N,Vaidakis N,Tabouratzis D G
Sturgeon D,Kuipers L,Berkowitz R,Turpin G,Leff J
Chattopadhyay P,Cooke E,Toone B,Lader M
Hugdahl K,Ohman A
Shapiro S,Lehrer P M
Lipscomb T R,Nathan P E,Wilson G T,Abrams D B
Frodi A M,Lamb M E
Orr S P,Lanzetta J T
Gilbert D G,Hagen R L
Lee I,Tyrer P
Notarius C I,Levenson R W
Lindman R,Alexanderson G,Kvarnström B
Lukens H R
Michael J L,Hirt M
Hygge S,Ohman A
Buck R
Runcie D,O'Bannon R M
Giesen J M,McGlynn F D
Siddle D A,Mednick S A,Nicol A R,Foggitt R H
Naliboff B D,Rickles W H,Cohen M J,Naimark R S
Nunes J S,Marks I M
House T H,Milligan W L
Hygge S
Lanzetta J T,Cartwright-Smith J,Kleck R E
Tyrer P J,Lader M H
Watts J M
Hare R D,Blevings G
Nunes J S,Marks I M
Raskin M
Orne M T,Paskewitz D A
Bankart C P,Elliott R
McGlynn F D,Puhr J J,Gaynor R,Perry J W
Morakinyo V O,Aitken R C,Zealley A K,Irvine W J
Epstein S
Epstein S,Roupenian A
Epstein S,Clarke S
Edwards D C,Alsip J E
Lader M H,Gelder M G,Marks I M
Lader M H
McReynolds P,Acker M,Brackbill G
Jones B E,Ayres J J,Flanary H G,Clements T H
KISSEL S,LITTIG L W
McDONNEL G J,CARPENTER J A
GREENBERG L A,CARPENTER J A
